Rk,Name,Age,Tm,Lg,G,PA,AB,R,H,B2,B3,HR,RBI,SB,CS,BB,SO,BA,OBP,SLG,OPS,OPS,TB,GDP,HBP,SH,SF,IBB,PosSummary
2,3,Cristhian Adames#\adamecr01,25,COL,NL,12,14,13,1,0,0,0,0,0,0,0,1,6,0.0,0.071,0.0,0.071,-80.0,0,0,0,0,0,0,/346
3,4,Austin Adams\adamsau02,26,WSN,NL,6,0,0,0,0,0,0,0,0,0,0,0,0,,,,,,0,0,0,0,0,0,/1
4,5,Lane Adams\adamsla01,27,ATL,NL,85,122,109,19,30,4,1,5,20,10,0,10,37,0.275,0.33899999999999997,0.46799999999999997,0.807,108.0,51,3,1,1,1,0,78/9
5,6,Matt Adams*\adamsma01,28,TOT,NL,131,367,339,46,93,22,1,20,65,0,0,23,88,0.27399999999999997,0.319,0.522,0.841,115.0,177,5,1,0,4,5,37/D
9,10,Tim Adleman\adlemti01,29,CIN,NL,27,32,29,0,3,1,0,0,2,0,0,0,10,0.10300000000000001,0.10300000000000001,0.138,0.24100000000000002,-37.0,4,0,0,3,0,0,1
11,12,Jesus Aguilar\aguilje01,27,MIL,NL,133,311,279,40,74,15,2,16,52,0,0,25,94,0.265,0.331,0.505,0.8370000000000001,114.0,141,8,4,0,3,1,3/D5
12,13,Nick Ahmed\ahmedni01,27,ARI,NL,53,178,167,24,42,8,1,6,21,3,4,10,39,0.251,0.298,0.419,0.7170000000000001,78.0,70,6,1,0,0,3,6
14,15,Matt Albers*\alberma01,34,WSN,NL,59,0,0,0,0,0,0,0,0,0,0,0,0,,,,,,0,0,0,0,0,0,1
15,16,Ozzie Albies#\albieoz01,20,ATL,NL,57,244,217,34,62,9,5,6,28,8,1,21,36,0.28600000000000003,0.354,0.456,0.81,110.0,99,3,3,1,2,0,4
18,19,Arismendy Alcantara#\alcanar01,25,CIN,NL,70,108,105,13,18,3,1,1,7,2,0,2,38,0.171,0.187,0.248,0.435,13.0,26,2,0,1,0,0,4/89657
19,20,Sandy Alcantara\alcansa01,21,STL,NL,8,0,0,0,0,0,0,0,0,0,0,0,0,,,,,,0,0,0,0,0,0,/1
21,22,Jorge Alfaro\alfarjo01,24,PHI,NL,29,114,107,12,34,6,0,5,14,0,0,3,33,0.318,0.36,0.514,0.8740000000000001,129.0,55,2,4,0,0,1,2/3
26,27,Albert Almora\almoral01,23,CHC,NL,132,323,299,39,89,18,1,8,46,1,0,19,53,0.298,0.33799999999999997,0.445,0.782,101.0,133,8,0,3,2,1,8/79
31,32,Aaron Altherr\altheaa01,26,PHI,NL,107,412,372,58,101,24,5,19,65,5,4,32,104,0.272,0.34,0.516,0.856,124.0,192,12,7,0,1,2,798
33,34,Henderson Alvarez\alvarhe01,27,PHI,NL,3,6,6,0,0,0,0,0,0,0,0,0,2,0.0,0.0,0.0,0.0,-100.0,0,0,0,0,0,0,/1
36,37,Alexi Amarista*\amarial01,28,COL,NL,96,176,168,22,40,10,0,3,19,1,0,7,38,0.23800000000000002,0.26899999999999996,0.35100000000000003,0.62,52.0,59,5,0,1,0,0,46/8975
39,40,Brian Anderson\anderbr06,24,MIA,NL,25,95,84,11,22,7,1,0,8,0,0,10,28,0.262,0.337,0.369,0.706,92.0,31,1,0,0,1,0,5
40,41,Chase Anderson\anderch01,29,MIL,NL,24,55,52,1,7,1,0,0,3,0,0,0,29,0.135,0.135,0.154,0.28800000000000003,-25.0,8,1,0,3,0,0,1
41,42,Drew Anderson\anderdr02,23,PHI,NL,1,0,0,0,0,0,0,0,0,0,0,0,0,,,,,,0,0,0,0,0,0,/1
43,44,Tyler Anderson*\anderty01,27,COL,NL,17,33,26,1,1,0,0,0,0,0,0,1,17,0.038,0.07400000000000001,0.038,0.113,-71.0,1,1,0,6,0,0,1
52,53,Victor Arano\aranovi01,22,PHI,NL,10,0,0,0,0,0,0,0,0,0,0,0,0,,,,,,0,0,0,0,0,0,1
54,55,Orlando Arcia\arciaor01,22,MIL,NL,153,548,506,56,140,17,2,15,53,14,7,36,100,0.27699999999999997,0.324,0.40700000000000003,0.731,89.0,206,10,1,2,3,9,*6
55,56,Nolan Arenado\arenano01,26,COL,NL,159,680,606,100,187,43,7,37,130,3,2,62,106,0.309,0.373,0.586,0.9590000000000001,132.0,355,21,4,1,6,9,*5
57,58,Jake Arrieta\arrieja01,31,CHC,NL,29,64,61,2,8,0,1,1,5,0,0,1,32,0.131,0.145,0.213,0.358,-9.0,13,0,0,2,0,0,1
58,59,Bronson Arroyo\arroybr01,40,CIN,NL,15,29,26,0,4,0,0,0,0,0,0,0,10,0.154,0.154,0.154,0.308,-19.0,4,0,0,3,0,0,1
59,60,Christian Arroyo\arroych01,22,SFG,NL,34,135,125,9,24,5,0,3,14,1,2,8,32,0.192,0.244,0.304,0.5479999999999999,45.0,38,4,1,0,1,1,56/4
62,63,Barrett Astin\astinba01,25,CIN,NL,6,1,1,0,0,0,0,0,0,0,0,0,1,0.0,0.0,0.0,0.0,-100.0,0,0,0,0,0,0,/1
63,64,Carlos Asuaje*\asuajca01,25,SDP,NL,89,343,307,28,83,14,1,4,21,0,1,28,76,0.27,0.33399999999999996,0.36200000000000004,0.696,88.0,111,6,2,5,1,0,4/3
68,69,Luis Avilan*\avilalu01,27,LAD,NL,58,2,2,0,0,0,0,0,0,0,0,0,1,0.0,0.0,0.0,0.0,-100.0,0,0,0,0,0,0,1
69,70,Mike Aviles\avilemi01,36,MIA,NL,37,97,86,5,20,2,0,1,8,0,0,6,15,0.233,0.298,0.29100000000000004,0.589,61.0,25,3,2,3,0,2,6/4539
71,72,Erick Aybar#\aybarer01,33,SDP,NL,108,370,333,37,78,15,1,7,22,11,4,28,57,0.23399999999999999,0.3,0.348,0.648,74.0,116,5,4,3,2,2,6/1
72,73,Harrison Bader\baderha01,23,STL,NL,32,92,85,10,20,3,0,3,10,2,1,5,24,0.235,0.28300000000000003,0.376,0.659,73.0,32,1,1,0,1,1,8/79
73,74,Javier Baez\baezja01,24,CHC,NL,145,508,469,75,128,24,2,23,75,10,3,30,144,0.273,0.317,0.48,0.7959999999999999,103.0,225,10,1,6,2,15,46/539
74,75,Pedro Baez\baezpe01,29,LAD,NL,61,2,1,0,0,0,0,0,1,0,0,1,1,0.0,0.5,0.0,0.5,52.0,0,0,0,0,0,0,1
76,77,Homer Bailey\baileho02,31,CIN,NL,17,35,28,4,7,2,0,0,0,0,0,0,11,0.25,0.25,0.321,0.5710000000000001,48.0,9,0,0,7,0,0,1
77,78,Anthony Banda*\bandaan01,23,ARI,NL,7,6,5,0,0,0,0,0,0,0,0,0,3,0.0,0.0,0.0,0.0,-100.0,0,0,0,1,0,0,/1
78,79,Jett Bandy\bandyje01,27,MIL,NL,60,188,169,14,35,6,0,6,18,1,0,15,51,0.207,0.287,0.349,0.636,65.0,59,5,4,0,0,0,2
79,80,Johnny Barbato\barbajo01,24,PIT,NL,23,1,1,0,0,0,0,0,0,0,0,0,0,0.0,0.0,0.0,0.0,-100.0,0,0,0,0,0,0,1
80,81,Austin Barnes\barneau01,27,LAD,NL,102,262,218,35,63,15,2,8,38,4,1,39,43,0.289,0.408,0.486,0.895,137.0,106,6,5,0,0,1,24/5D
82,83,Jacob Barnes\barneja01,27,MIL,NL,68,1,0,0,0,0,0,0,0,0,0,1,0,,1.0,,,,0,0,0,0,0,0,1
86,87,Tucker Barnhart#\barnhtu01,26,CIN,NL,121,423,370,26,100,24,2,7,44,4,0,42,68,0.27,0.34700000000000003,0.40299999999999997,0.75,96.0,149,12,3,5,3,11,*2
87,88,Kyle Barraclough\barraky01,27,MIA,NL,62,1,1,0,0,0,0,0,0,0,0,0,1,0.0,0.0,0.0,0.0,-100.0,0,0,0,0,0,0,1
89,90,Jake Barrett\barreja01,25,ARI,NL,28,0,0,0,0,0,0,0,0,0,0,0,0,,,,,,0,0,0,0,0,0,1
90,91,Antonio Bastardo\bastaan01,31,PIT,NL,8,1,0,0,0,0,0,0,0,0,0,1,0,,1.0,,,,0,0,0,0,0,0,/1
92,93,Buddy Baumann*\baumabu01,29,SDP,NL,22,0,0,0,0,0,0,0,0,0,0,0,0,,,,,,0,0,0,0,0,0,1
94,95,Rafael Bautista\bautira01,24,WSN,NL,17,27,25,2,4,0,0,0,0,0,0,2,5,0.16,0.222,0.16,0.382,2.0,4,1,0,0,0,0,9/87
95,96,Pedro Beato\beatope01,30,PHI,NL,1,0,0,0,0,0,0,0,0,0,0,0,0,,,,,,0,0,0,0,0,0,/1
104,105,Josh Bell#\belljo02,24,PIT,NL,159,620,549,75,140,26,6,26,90,2,4,66,117,0.255,0.33399999999999996,0.466,0.8,108.0,256,15,1,0,4,4,*3/D
105,106,Cody Bellinger*\bellico01,21,LAD,NL,132,548,480,87,128,26,4,39,97,10,3,64,146,0.267,0.35200000000000004,0.581,0.9329999999999999,142.0,279,5,1,0,3,13,37/98D
106,107,Brandon Belt*\beltbr01,29,SFG,NL,104,451,382,63,92,27,3,18,51,3,2,66,104,0.24100000000000002,0.355,0.469,0.823,116.0,179,5,2,0,1,2,37/9
110,111,Joaquin Benoit\benoijo01,39,TOT,NL,48,0,0,0,0,0,0,0,0,0,0,0,0,,,,,,0,0,0,0,0,0,1
115,116,Quintin Berry*\berryqu01,32,MIL,NL,7,3,3,0,0,0,0,0,0,2,1,0,2,0.0,0.0,0.0,0.0,-100.0,0,0,0,0,0,0,/78
117,118,Christian Bethancourt\bethach01,25,SDP,NL,8,7,7,0,1,0,0,0,0,0,0,0,3,0.14300000000000002,0.14300000000000002,0.14300000000000002,0.28600000000000003,-23.0,1,0,0,0,0,0,/14
118,119,Chad Bettis\bettich01,28,COL,NL,9,15,11,1,1,0,0,0,1,0,0,1,6,0.091,0.16699999999999998,0.091,0.258,-33.0,1,0,0,3,0,0,/1
123,124,Ty Blach\blachty01,26,SFG,NL,36,53,44,5,10,2,0,1,7,0,0,4,21,0.22699999999999998,0.28600000000000003,0.341,0.627,66.0,15,1,0,4,1,0,1
125,126,Charlie Blackmon*\blackch02,30,COL,NL,159,725,644,137,213,35,14,37,104,14,10,65,135,0.331,0.39899999999999997,0.601,1.0,142.0,387,4,10,3,3,9,*8
126,127,Aaron Blair\blairaa01,25,ATL,NL,1,2,1,0,1,0,0,0,0,0,0,1,0,1.0,1.0,1.0,2.0,426.0,1,0,0,0,0,0,/1
127,128,Andres Blanco#\blancan01,33,PHI,NL,80,144,130,10,25,4,0,3,13,1,0,12,34,0.192,0.257,0.292,0.5489999999999999,46.0,38,1,0,0,2,0,543/6D1
128,129,Gregor Blanco*\blancgr01,33,ARI,NL,90,256,224,43,55,10,3,3,13,15,1,31,59,0.24600000000000002,0.337,0.35700000000000004,0.6940000000000001,76.0,80,2,0,1,0,0,78/9
129,130,Joe Blanton\blantjo01,36,WSN,NL,48,1,0,0,0,0,0,0,0,0,0,1,0,,1.0,,,,0,0,0,0,0,0,1
130,131,Jabari Blash\blashja01,27,SDP,NL,61,195,164,24,35,6,0,5,16,1,2,28,66,0.213,0.33299999999999996,0.341,0.675,83.0,56,5,2,0,1,0,97
131,132,Michael Blazek\blazemi01,28,MIL,NL,5,2,2,0,0,0,0,0,0,0,0,0,1,0.0,0.0,0.0,0.0,-100.0,0,1,0,0,0,0,/1
133,134,Jerry Blevins*\blevije01,33,NYM,NL,70,0,0,0,0,0,0,0,0,0,0,0,0,,,,,,0,0,0,0,0,0,1
135,136,Emilio Bonifacio#\bonifem01,32,ATL,NL,38,44,38,2,5,1,1,0,3,0,0,1,9,0.132,0.15,0.21100000000000002,0.361,-7.0,8,1,0,4,1,0,/798
137,138,Lisalverto Bonilla#\bonilli01,27,CIN,NL,7,8,6,0,1,0,0,0,0,0,0,1,3,0.16699999999999998,0.375,0.16699999999999998,0.542,51.0,1,0,1,0,0,0,1
138,139,John Bormann\bormajo01,24,PIT,NL,1,1,1,0,0,0,0,0,0,0,0,0,1,0.0,0.0,0.0,0.0,-100.0,0,0,0,0,0,0,
140,141,Christopher Bostick\bostich01,24,PIT,NL,20,32,27,6,8,2,0,0,1,0,1,4,9,0.29600000000000004,0.406,0.37,0.777,108.0,10,0,1,0,0,0,/47
141,142,Justin Bour*\bourju01,29,MIA,NL,108,429,377,52,109,18,0,25,83,1,0,47,95,0.289,0.366,0.536,0.902,141.0,202,10,1,0,4,7,3/D
143,144,Matthew Bowman\bowmama01,26,STL,NL,71,1,0,0,0,0,0,0,0,0,0,0,0,,,,,,0,0,0,1,0,0,1
147,148,Silvino Bracho\brachsi01,24,ARI,NL,17,0,0,0,0,0,0,0,0,0,0,0,0,,,,,,0,0,0,0,0,0,1
148,149,Chasen Bradford\bradfch02,27,NYM,NL,25,1,1,0,0,0,0,0,0,0,0,0,1,0.0,0.0,0.0,0.0,-100.0,0,0,0,0,0,0,1
149,150,Archie Bradley\bradlar01,24,ARI,NL,60,4,4,0,1,0,0,0,1,0,0,0,2,0.25,0.25,0.25,0.5,27.0,1,0,0,0,0,0,1
153,154,Steven Brault*\braulst01,25,PIT,NL,12,13,13,2,3,1,0,0,2,0,0,0,0,0.231,0.231,0.308,0.5379999999999999,41.0,4,0,0,0,0,0,1
154,155,Ryan Braun\braunry02,33,MIL,NL,104,425,380,58,102,28,2,17,52,12,4,38,76,0.268,0.336,0.48700000000000004,0.823,111.0,185,15,3,0,4,2,7/D
155,156,John Brebbia*\brebbjo01,27,STL,NL,46,1,1,0,0,0,0,0,0,0,0,0,0,0.0,0.0,0.0,0.0,-100.0,0,0,0,0,0,0,1
159,160,Austin Brice\briceau01,25,CIN,NL,21,4,4,0,0,0,0,0,0,0,0,0,2,0.0,0.0,0.0,0.0,-100.0,0,0,0,0,0,0,1
160,161,Lewis Brinson\brinsle01,23,MIL,NL,21,55,47,2,5,0,1,2,3,1,0,7,17,0.106,0.23600000000000002,0.27699999999999997,0.513,34.0,13,0,1,0,0,1,/87
162,163,Rex Brothers*\brothre01,29,ATL,NL,27,0,0,0,0,0,0,0,0,0,0,0,0,,,,,,0,0,0,0,0,0,1
163,164,Jonathan Broxton\broxtjo01,33,STL,NL,19,0,0,0,0,0,0,0,0,0,0,0,0,,,,,,0,0,0,0,0,0,1
164,165,Keon Broxton\broxtke01,27,MIL,NL,143,463,414,66,91,15,4,20,49,21,7,40,175,0.22,0.299,0.42,0.7190000000000001,85.0,174,3,7,1,1,1,*8
169,170,Kris Bryant\bryankr01,25,CHC,NL,151,665,549,111,162,38,4,29,73,7,5,95,128,0.295,0.409,0.537,0.946,143.0,295,8,15,0,6,5,*5/9387
170,171,Jake Buchanan\buchaja01,27,CIN,NL,4,3,2,1,1,0,0,0,1,0,0,1,1,0.5,0.667,0.5,1.167,214.0,1,0,0,0,0,0,/1
171,172,Clay Buchholz*\buchhcl01,32,PHI,NL,2,2,2,0,0,0,0,0,0,0,0,0,2,0.0,0.0,0.0,0.0,-100.0,0,0,0,0,0,0,/1
175,176,Walker Buehler\buehlwa01,22,LAD,NL,8,0,0,0,0,0,0,0,0,0,0,0,0,,,,,,0,0,0,0,0,0,/1
176,177,Madison Bumgarner\bumgama01,27,SFG,NL,15,36,34,4,7,0,0,3,5,0,0,2,11,0.20600000000000002,0.25,0.47100000000000003,0.721,85.0,16,1,0,0,0,0,1
182,183,Eddie Butler\butleed01,26,CHC,NL,12,19,15,0,1,0,0,0,0,0,0,1,6,0.067,0.125,0.067,0.192,-48.0,1,0,0,3,0,0,1
184,185,Asdrubal Cabrera#\cabreas01,31,NYM,NL,135,540,479,66,134,32,0,14,59,3,2,50,83,0.28,0.35100000000000003,0.434,0.785,107.0,208,19,5,1,5,1,654/D
193,194,Matt Cain\cainma01,32,SFG,NL,24,34,32,1,5,2,0,0,2,0,0,0,20,0.156,0.156,0.21899999999999997,0.375,-2.0,7,0,0,2,0,0,1
196,197,Orlando Calixte\calixor01,25,SFG,NL,29,55,49,5,7,1,0,0,6,1,0,3,16,0.14300000000000002,0.185,0.163,0.348,-6.0,8,1,0,1,2,0,/75698D
197,198,Jamie Callahan\callaja01,22,NYM,NL,8,0,0,0,0,0,0,0,0,0,0,0,0,,,,,,0,0,0,0,0,0,/1
198,199,Johan Camargo#\camarjo01,23,ATL,NL,82,256,241,30,72,21,2,4,27,0,0,12,51,0.299,0.331,0.452,0.7829999999999999,102.0,109,5,0,2,1,2,56/47
204,205,Carter Capps\cappsca01,26,SDP,NL,11,0,0,0,0,0,0,0,0,0,0,0,0,,,,,,0,0,0,0,0,0,1
205,206,Victor Caratini#\caratvi01,23,CHC,NL,31,66,59,6,15,3,0,1,2,0,0,4,13,0.254,0.33299999999999996,0.35600000000000004,0.6890000000000001,80.0,21,3,3,0,0,1,2/379
206,207,Stephen Cardullo\cardust01,29,COL,NL,15,32,28,2,4,0,0,0,3,0,0,3,7,0.14300000000000002,0.25,0.14300000000000002,0.39299999999999996,2.0,4,0,1,0,0,0,/79
207,208,Shane Carle\carlesh01,25,COL,NL,3,0,0,0,0,0,0,0,0,0,0,0,0,,,,,,0,0,0,0,0,0,/1
208,209,Matt Carpenter*\carpema01,31,STL,NL,145,622,497,91,120,31,2,23,69,2,1,109,125,0.24100000000000002,0.384,0.451,0.835,121.0,224,5,9,2,5,4,*354/D
216,217,Fabio Castillo\castifa01,28,LAD,NL,2,0,0,0,0,0,0,0,0,0,0,0,0,,,,,,0,0,0,0,0,0,/1
217,218,Luis Castillo\castilu02,24,CIN,NL,14,33,29,0,2,0,0,0,1,0,0,1,11,0.069,0.1,0.069,0.16899999999999998,-54.0,2,0,0,3,0,0,1
223,224,Gavin Cecchini\cecchga02,23,NYM,NL,32,82,77,4,16,2,0,1,7,0,1,4,19,0.20800000000000002,0.256,0.273,0.529,41.0,21,3,1,0,0,1,4
224,225,Brett Cecil\cecilbr01,30,STL,NL,68,1,1,0,0,0,0,0,0,0,0,0,0,0.0,0.0,0.0,0.0,-100.0,0,0,0,0,0,0,1
227,228,Francisco Cervelli\cervefr01,31,PIT,NL,81,304,265,31,66,13,2,5,31,0,2,32,65,0.249,0.342,0.37,0.7120000000000001,89.0,98,7,6,0,1,0,2
228,229,Hunter Cervenka*\cervehu01,27,MIA,NL,4,0,0,0,0,0,0,0,0,0,0,0,0,,,,,,0,0,0,0,0,0,/1
229,230,Yoenis Cespedes\cespeyo01,31,NYM,NL,81,321,291,46,85,17,2,17,42,0,1,26,61,0.292,0.35200000000000004,0.54,0.892,132.0,157,7,2,0,2,5,7/D
230,231,Alejandro Chacin\chacial01,24,CIN,NL,6,0,0,0,0,0,0,0,0,0,0,0,0,,,,,,0,0,0,0,0,0,/1
231,232,Jhoulys Chacin\chacijh01,29,SDP,NL,33,61,54,0,12,2,0,0,4,1,0,0,11,0.222,0.222,0.259,0.48100000000000004,29.0,14,2,0,7,0,0,1
232,233,Andrew Chafin\chafian01,27,ARI,NL,68,0,0,0,0,0,0,0,0,0,0,0,0,,,,,,0,0,0,0,0,0,1
235,236,Tyler Chatwood\chatwty01,27,COL,NL,33,47,39,5,6,1,0,0,2,0,0,1,9,0.154,0.175,0.179,0.354,-12.0,7,0,0,7,0,0,1
237,238,Wei-Yin Chen\chenwe02,31,MIA,NL,8,8,8,0,1,0,0,0,0,0,0,0,3,0.125,0.125,0.125,0.25,-32.0,1,0,0,0,0,0,/1
242,243,Tony Cingrani*\cingrto01,27,TOT,NL,43,0,0,0,0,0,0,0,0,0,0,0,0,,,,,,0,0,0,0,0,0,1
255,256,A.J. Cole\coleaj01,25,WSN,NL,11,16,14,0,2,0,0,0,0,0,0,2,5,0.14300000000000002,0.25,0.14300000000000002,0.39299999999999996,7.0,2,0,0,0,0,0,1
256,257,Gerrit Cole\colege01,26,PIT,NL,32,68,55,3,9,1,0,1,3,0,0,1,21,0.16399999999999998,0.179,0.23600000000000002,0.415,9.0,13,1,0,12,0,0,1
257,258,Dusty Coleman\colemdu01,30,SDP,NL,27,71,66,6,15,3,0,4,9,1,0,2,33,0.22699999999999998,0.268,0.455,0.722,89.0,30,1,2,0,1,0,6
259,260,Josh Collmenter\collmjo01,31,ATL,NL,10,0,0,0,0,0,0,0,0,0,0,0,0,,,,,,0,0,0,0,0,0,1
267,268,Michael Conforto*\confomi01,24,NYM,NL,109,440,373,72,104,20,1,27,68,2,0,57,113,0.27899999999999997,0.384,0.555,0.9390000000000001,145.0,207,3,8,0,2,5,789/D
268,269,Adam Conley*\conlead01,27,MIA,NL,20,32,24,3,3,0,0,0,0,0,0,2,14,0.125,0.192,0.125,0.317,-11.0,3,0,0,6,0,0,1
269,270,Willson Contreras\contrwi01,25,CHC,NL,117,428,377,50,104,21,0,21,74,5,4,45,98,0.276,0.35600000000000004,0.499,0.855,119.0,188,13,3,1,2,2,2/3795
271,272,Patrick Corbin*\corbipa01,27,ARI,NL,33,70,56,6,7,0,1,0,0,0,0,6,28,0.125,0.21,0.161,0.37,-4.0,9,0,0,8,0,0,1
272,273,Franchy Cordero*\cordefr02,22,SDP,NL,30,99,92,15,21,3,3,3,9,1,1,6,44,0.228,0.276,0.424,0.6990000000000001,84.0,39,0,0,1,0,0,8/7
273,274,Allen Cordoba\cordoal01,21,SDP,NL,100,227,202,17,42,2,2,4,15,2,2,18,54,0.20800000000000002,0.282,0.297,0.579,56.0,60,2,4,0,3,1,76/8594
275,276,Jarred Cosart\cosarja01,27,SDP,NL,7,6,4,0,0,0,0,0,0,0,0,0,2,0.0,0.0,0.0,0.0,-100.0,0,0,0,2,0,0,/1
280,281,Zack Cozart\cozarza01,31,CIN,NL,122,507,438,80,130,24,7,24,63,3,0,62,78,0.297,0.385,0.5479999999999999,0.9329999999999999,141.0,240,5,3,0,4,0,*6/D
281,282,Brandon Crawford*\crawfbr01,30,SFG,NL,144,570,518,58,131,34,1,14,77,3,5,42,113,0.253,0.305,0.40299999999999997,0.7090000000000001,86.0,209,18,1,0,9,3,*6
282,283,J.P. Crawford*\crawfjp01,22,PHI,NL,23,87,70,8,15,4,1,0,6,1,0,16,22,0.214,0.35600000000000004,0.3,0.6559999999999999,78.0,21,1,0,0,1,0,5/64
283,284,Kyle Crick*\crickky01,24,SFG,NL,27,0,0,0,0,0,0,0,0,0,0,0,0,,,,,,0,0,0,0,0,0,1
287,288,Johnny Cueto\cuetojo01,31,SFG,NL,25,52,46,3,4,0,0,0,3,0,0,1,15,0.087,0.10400000000000001,0.087,0.191,-48.0,4,0,0,4,1,0,1
288,289,Charlie Culberson\culbech01,28,LAD,NL,15,15,13,0,2,1,0,0,1,0,0,2,4,0.154,0.267,0.231,0.49700000000000005,34.0,3,2,0,0,0,0,6/45
293,294,Chase d'Arnaud\darnach01,30,TOT,NL,33,61,57,10,10,2,0,1,3,5,1,4,20,0.175,0.23,0.263,0.493,32.0,15,0,0,0,0,1,6/74539
297,298,Travis d'Arnaud\darnatr01,28,NYM,NL,112,376,348,39,85,19,1,16,57,0,0,23,59,0.244,0.293,0.44299999999999995,0.735,91.0,154,12,2,0,3,3,2/45D
301,302,Zach Davies\davieza02,24,MIL,NL,32,69,48,7,6,2,0,0,3,0,0,7,15,0.125,0.23600000000000002,0.16699999999999998,0.40299999999999997,9.0,8,1,0,14,0,0,1
308,309,Rookie Davis\davisro03,24,CIN,NL,7,8,6,0,1,1,0,0,0,0,0,0,5,0.16699999999999998,0.28600000000000003,0.33299999999999996,0.619,62.0,2,0,1,1,0,0,/1
309,310,Taylor Davis\davista01,27,CHC,NL,8,13,13,1,3,1,0,0,1,0,0,0,4,0.231,0.231,0.308,0.5379999999999999,38.0,4,0,0,0,0,0,/352
310,311,Wade Davis\daviswa01,31,CHC,NL,56,0,0,0,0,0,0,0,0,0,0,0,0,,,,,,0,0,0,0,0,0,1
311,312,Grant Dayton*\daytogr01,29,LAD,NL,26,0,0,0,0,0,0,0,0,0,0,0,0,,,,,,0,0,0,0,0,0,1
312,313,Alejandro De Aza*\deazaal01,33,WSN,NL,28,70,62,8,12,2,3,0,9,1,0,3,16,0.19399999999999998,0.22399999999999998,0.32299999999999995,0.546,40.0,20,1,0,3,2,1,97/8
313,314,Jorge De La Rosa*\rosajo01,36,ARI,NL,64,2,0,1,0,0,0,0,0,0,0,0,0,,,,,,0,0,0,2,0,0,1
314,315,Rubby De La Rosa\delarru01,28,ARI,NL,9,0,0,0,0,0,0,0,0,0,0,0,0,,,,,,0,0,0,0,0,0,/1
316,317,Jacob deGrom*\degroja01,29,NYM,NL,34,77,71,6,15,1,0,1,4,1,0,2,22,0.21100000000000002,0.233,0.268,0.5,33.0,19,0,0,4,0,0,1
317,318,Paul DeJong\dejonpa01,23,STL,NL,108,443,417,55,119,26,1,25,65,1,0,21,124,0.285,0.325,0.532,0.857,122.0,222,8,4,0,1,1,64
318,319,Randall Delgado\delgara01,27,ARI,NL,25,9,8,0,0,0,0,0,0,0,0,0,3,0.0,0.0,0.0,0.0,-100.0,0,0,0,1,0,0,1
322,323,Daniel Descalso*\descada01,30,ARI,NL,130,398,344,47,80,16,5,10,51,4,0,48,89,0.233,0.332,0.395,0.727,82.0,136,6,4,0,2,0,4735/1D6
324,325,Ian Desmond\desmoia01,31,COL,NL,95,373,339,47,93,11,1,7,40,15,4,24,87,0.27399999999999997,0.326,0.375,0.701,73.0,127,13,4,2,4,1,73/86
325,326,Odrisamer Despaigne\despaod01,30,MIA,NL,18,20,19,0,2,0,0,0,1,0,0,0,5,0.105,0.105,0.105,0.21100000000000002,-42.0,2,0,0,1,0,0,1
328,329,Aledmys Diaz\diazal02,26,STL,NL,79,301,286,31,74,17,0,7,20,4,1,13,42,0.259,0.29,0.392,0.682,79.0,112,9,0,1,1,1,6/574
330,331,Elias Diaz\diazel01,26,PIT,NL,64,200,188,18,42,14,0,1,19,1,0,11,38,0.223,0.265,0.314,0.579,52.0,59,8,0,0,1,0,2
331,332,Jairo Diaz\diazja01,26,COL,NL,4,0,0,0,0,0,0,0,0,0,0,0,0,,,,,,0,0,0,0,0,0,/1
333,334,Miguel Diaz\diazmi02,22,SDP,NL,31,4,3,0,0,0,0,0,0,0,0,0,0,0.0,0.0,0.0,0.0,-100.0,0,0,0,1,0,0,1
336,337,R.A. Dickey\dicker.01,42,ATL,NL,30,68,61,0,9,0,0,0,5,0,0,0,12,0.14800000000000002,0.14800000000000002,0.14800000000000002,0.295,-22.0,9,0,0,7,0,0,1
337,338,O'Koyea Dickson\dicksok01,27,LAD,NL,7,9,7,0,1,0,0,0,0,0,0,2,2,0.14300000000000002,0.33299999999999996,0.14300000000000002,0.47600000000000003,34.0,1,0,0,0,0,1,/7
339,340,Derek Dietrich*\dietrde01,27,MIA,NL,135,464,406,56,101,22,5,13,53,0,1,36,98,0.249,0.33399999999999996,0.424,0.758,104.0,172,4,18,0,4,5,534/7
340,341,Wilmer Difo#\difowi01,25,WSN,NL,124,365,332,47,90,10,4,5,21,10,1,24,74,0.271,0.319,0.37,0.69,79.0,123,7,1,5,3,6,64/5978D
347,348,Stephen Drew*\drewst01,34,WSN,NL,46,106,95,9,24,7,0,1,17,0,0,8,21,0.253,0.302,0.358,0.66,71.0,34,2,0,0,3,0,65/4
348,349,Brandon Drury\drurybr01,24,ARI,NL,135,480,445,41,119,37,2,13,63,1,1,28,103,0.267,0.317,0.447,0.764,89.0,199,9,5,0,2,1,*4/D5
352,353,Brian Duensing*\duensbr01,34,CHC,NL,65,4,4,0,0,0,0,0,0,0,0,0,3,0.0,0.0,0.0,0.0,-100.0,0,1,0,0,0,0,1
355,356,Zach Duke*\dukeza01,34,STL,NL,25,0,0,0,0,0,0,0,0,0,0,0,0,,,,,,0,0,0,0,0,0,1
357,358,Mike Dunn*\dunnmi01,32,COL,NL,63,0,0,0,0,0,0,0,0,0,0,0,0,,,,,,0,0,0,0,0,0,1
358,359,Adam Duvall\duvalad01,28,CIN,NL,157,647,587,78,146,37,3,31,99,5,3,39,170,0.249,0.301,0.48,0.782,100.0,282,11,10,0,11,1,*7/3D
362,363,Adam Eaton*\eatonad02,28,WSN,NL,23,107,91,24,27,7,1,2,13,3,1,14,18,0.297,0.39299999999999996,0.462,0.8540000000000001,121.0,42,0,1,0,1,0,8/79
363,364,Josh Edgin\edginjo01,30,NYM,NL,44,0,0,0,0,0,0,0,0,0,0,0,0,,,,,,0,0,0,0,0,0,1
364,365,Carl Edwards\edwarca01,25,CHC,NL,68,1,1,1,0,0,0,0,0,0,0,0,1,0.0,0.0,0.0,0.0,-100.0,0,0,0,0,0,0,1
365,366,Zach Eflin\eflinza01,23,PHI,NL,10,22,21,1,3,0,0,0,2,0,0,0,13,0.14300000000000002,0.14300000000000002,0.14300000000000002,0.28600000000000003,-23.0,3,0,0,1,0,0,1
366,367,Brett Eibner\eibnebr01,28,LAD,NL,17,36,33,3,6,0,0,2,6,0,0,2,17,0.182,0.25,0.364,0.614,60.0,12,0,1,0,0,0,/789
367,368,Jerad Eickhoff\eickhje01,26,PHI,NL,21,34,31,3,5,1,0,0,0,0,0,0,13,0.161,0.161,0.19399999999999998,0.355,-6.0,6,0,0,3,0,0,1
368,369,Brian Ellington\ellinbr02,26,MIA,NL,40,1,1,0,0,0,0,0,0,0,0,0,0,0.0,0.0,0.0,0.0,-100.0,0,0,0,0,0,0,1
369,370,A.J. Ellis\ellisaj01,36,MIA,NL,51,163,143,17,30,5,0,6,14,0,0,12,29,0.21,0.298,0.371,0.669,80.0,53,6,6,2,0,0,2
374,375,Phil Ervin\ervinph01,24,CIN,NL,28,64,58,8,15,2,0,3,10,4,1,4,15,0.259,0.317,0.44799999999999995,0.7659999999999999,98.0,26,1,1,1,0,0,/879
375,376,Jake Esch\eschja01,27,SDP,NL,1,0,0,0,0,0,0,0,0,0,0,0,0,,,,,,0,0,0,0,0,0,/1
385,386,Carlos Estevez\estevca01,24,COL,NL,32,0,0,0,0,0,0,0,0,0,0,0,0,,,,,,0,0,0,0,0,0,1
387,388,Andre Ethier*\ethiean01,35,LAD,NL,22,38,34,3,8,1,0,2,3,0,0,4,10,0.235,0.316,0.441,0.757,98.0,15,0,0,0,0,1,/7
388,389,Phillip Evans\evansph01,24,NYM,NL,19,38,33,4,10,2,0,0,1,0,0,4,8,0.303,0.395,0.364,0.758,104.0,12,0,1,0,0,0,/54
389,390,Jeurys Familia\familje01,27,NYM,NL,25,1,1,0,0,0,0,0,0,0,0,0,1,0.0,0.0,0.0,0.0,-100.0,0,0,0,0,0,0,1
390,391,Kyle Farmer\farmeky01,26,LAD,NL,20,20,20,1,6,1,0,0,2,0,0,0,3,0.3,0.3,0.35,0.65,72.0,7,2,0,0,0,0,/523
396,397,Erick Fedde\feddeer01,24,WSN,NL,3,5,4,0,0,0,0,0,0,0,0,0,3,0.0,0.0,0.0,0.0,-100.0,0,0,0,1,0,0,/1
397,398,Tim Federowicz\federti01,29,SFG,NL,13,14,13,3,3,0,0,2,3,0,0,1,4,0.231,0.28600000000000003,0.6920000000000001,0.978,147.0,9,1,0,0,0,0,/23
398,399,Scott Feldman*\feldmsc01,34,CIN,NL,20,38,34,0,1,0,0,0,0,0,0,0,16,0.028999999999999998,0.028999999999999998,0.028999999999999998,0.059000000000000004,-84.0,1,0,0,4,0,0,1
404,405,Josh Fields\fieldjo03,31,LAD,NL,55,0,0,0,0,0,0,0,0,0,0,0,0,,,,,,0,0,0,0,0,0,1
408,409,Brandon Finnegan*\finnebr01,24,CIN,NL,5,6,5,0,0,0,0,0,0,0,0,0,1,0.0,0.0,0.0,0.0,-100.0,0,1,0,1,0,0,/1
411,412,Jack Flaherty\flaheja01,21,STL,NL,6,6,6,0,0,0,0,0,0,0,0,0,2,0.0,0.0,0.0,0.0,-100.0,0,0,0,0,0,0,/1
413,414,Chris Flexen\flexech01,22,NYM,NL,13,14,13,0,2,1,0,0,0,0,0,0,7,0.154,0.154,0.231,0.385,0.0,3,0,0,1,0,0,1
415,416,Wilmer Flores\florewi01,25,NYM,NL,110,362,336,42,91,17,1,18,52,1,1,17,54,0.271,0.307,0.488,0.795,106.0,164,14,3,0,6,1,534/D
416,417,Pedro Florimon#\floripe01,30,PHI,NL,15,49,46,6,16,4,1,0,6,0,0,3,16,0.348,0.38799999999999996,0.478,0.866,130.0,22,1,0,0,0,0,/896457
417,418,Dylan Floro*\florody01,26,CHC,NL,3,4,4,0,0,0,0,0,0,0,0,0,2,0.0,0.0,0.0,0.0,-100.0,0,1,0,0,0,0,/1
418,419,Tyler Flowers\flowety01,31,ATL,NL,99,370,317,41,89,16,0,12,49,0,1,31,82,0.281,0.37799999999999995,0.445,0.823,114.0,141,6,20,0,2,1,2/D
419,420,Mike Foltynewicz\foltymi01,25,ATL,NL,28,49,42,1,2,0,0,0,0,0,0,0,27,0.048,0.048,0.048,0.095,-75.0,2,0,0,7,0,0,1
420,421,Wilmer Font\fontwi01,27,LAD,NL,3,0,0,0,0,0,0,0,0,0,0,0,0,,,,,,0,0,0,0,0,0,/1
422,423,Logan Forsythe\forsylo01,30,LAD,NL,119,439,361,56,81,19,0,6,36,3,2,69,109,0.22399999999999998,0.35100000000000003,0.327,0.6779999999999999,82.0,118,12,4,0,5,1,45/763
423,424,Dexter Fowler#\fowlede01,31,STL,NL,118,491,420,68,111,22,9,18,64,7,3,63,101,0.264,0.363,0.488,0.851,123.0,205,10,4,0,4,6,*8/D
425,426,Maikel Franco\francma02,24,PHI,NL,154,623,575,66,132,29,1,24,76,0,0,41,95,0.23,0.281,0.409,0.69,81.0,235,21,2,0,5,3,*5/3D
429,430,Seth Frankoff\frankse01,28,CHC,NL,1,0,0,0,0,0,0,0,0,0,0,0,0,,,,,,0,0,0,0,0,0,/1
430,431,Adam Frazier*\fraziad01,25,PIT,NL,121,454,406,55,112,20,6,6,53,9,5,36,57,0.276,0.344,0.39899999999999997,0.743,96.0,162,9,8,1,3,2,749/85D6
435,436,Kyle Freeland*\freelky01,24,COL,NL,33,56,52,3,8,1,0,1,2,0,0,1,30,0.154,0.17,0.231,0.401,-2.0,12,0,0,3,0,0,1
436,437,Freddie Freeman*\freemfr01,27,ATL,NL,117,514,440,84,135,35,2,28,71,8,5,65,95,0.307,0.40299999999999997,0.586,0.9890000000000001,154.0,258,9,7,0,2,14,35
438,439,Mike Freeman*\freemmi01,29,TOT,NL,19,32,30,3,4,2,0,0,0,0,0,2,10,0.133,0.188,0.2,0.38799999999999996,1.0,6,1,0,0,0,0,6/45
442,443,Sam Freeman\freemsa01,30,ATL,NL,54,2,2,0,0,0,0,0,0,0,0,0,1,0.0,0.0,0.0,0.0,-100.0,0,0,0,0,0,0,1
443,444,David Freese\freesda01,34,PIT,NL,130,503,426,44,112,16,0,10,52,0,1,58,116,0.263,0.368,0.371,0.7390000000000001,97.0,158,10,15,0,4,5,*5/3D
444,445,David Freitas\freitda01,28,ATL,NL,6,17,17,2,4,2,0,0,2,0,0,0,4,0.235,0.235,0.353,0.588,51.0,6,1,0,0,0,0,/2
445,446,Max Fried*\friedma01,23,ATL,NL,10,9,7,1,0,0,0,0,0,0,0,1,3,0.0,0.125,0.0,0.125,-63.0,0,0,0,1,0,0,/1
446,447,Eric Fryer\fryerer01,31,STL,NL,34,83,71,7,11,3,0,0,3,0,0,11,18,0.155,0.27699999999999997,0.19699999999999998,0.474,30.0,14,3,1,0,0,0,2
447,448,Rey Fuentes*\fuentre01,26,ARI,NL,64,145,136,19,32,1,2,3,9,4,1,8,35,0.235,0.278,0.33799999999999997,0.616,54.0,46,0,0,1,0,0,8/79
449,450,Rocky Gale\galero01,29,SDP,NL,3,10,10,1,1,0,0,1,2,0,0,0,2,0.1,0.1,0.4,0.5,25.0,4,0,0,0,0,0,/2
453,454,Freddy Galvis#\galvifr01,27,PHI,NL,162,663,608,71,155,29,6,12,61,14,5,45,111,0.255,0.309,0.382,0.69,83.0,232,12,4,2,4,2,*6/87
455,456,John Gant\gantjo01,24,STL,NL,7,3,3,0,0,0,0,0,0,0,0,0,0,0.0,0.0,0.0,0.0,-100.0,0,0,0,0,0,0,/1
456,457,Adonis Garcia\garciad01,32,ATL,NL,52,183,173,19,41,4,0,5,19,4,0,7,23,0.237,0.273,0.34700000000000003,0.62,61.0,60,9,2,0,1,0,5/7
458,459,Greg Garcia*\garcigr01,27,STL,NL,133,290,241,27,61,9,2,2,20,2,1,37,64,0.253,0.365,0.332,0.6970000000000001,88.0,80,6,6,5,1,0,546
463,464,Jarlin Garcia*\garcija04,24,MIA,NL,64,0,0,0,0,0,0,0,0,0,0,0,0,,,,,,0,0,0,0,0,0,1
465,466,Luis Garcia\garcilu03,30,PHI,NL,63,0,0,0,0,0,0,0,0,0,0,0,0,,,,,,0,0,0,0,0,0,1
472,473,Amir Garrett\garream01,25,CIN,NL,15,23,19,1,1,1,0,0,1,0,0,0,6,0.053,0.053,0.105,0.158,-60.0,2,3,0,4,0,0,1
474,475,Matt Garza\garzama01,33,MIL,NL,23,37,35,1,3,0,0,0,1,0,0,0,13,0.086,0.111,0.086,0.19699999999999998,-47.0,3,0,1,1,0,0,1
479,480,Cory Gearrin\gearrco01,31,SFG,NL,66,2,2,0,0,0,0,0,0,0,0,0,2,0.0,0.0,0.0,0.0,-100.0,0,0,0,0,0,0,1
480,481,Scooter Gennett*\gennesc01,27,CIN,NL,141,497,461,80,136,22,3,27,97,3,2,30,114,0.295,0.342,0.531,0.8740000000000001,124.0,245,15,4,0,2,1,45/79D1
484,485,Conor Gillaspie*\gillaco01,29,SFG,NL,44,87,80,8,13,4,0,2,8,0,0,5,10,0.163,0.218,0.28800000000000003,0.506,33.0,23,3,1,0,1,0,5/3
485,486,Sean Gilmartin*\gilmase01,27,NYM,NL,2,1,1,1,1,1,0,0,1,0,0,0,0,1.0,1.0,2.0,3.0,667.0,2,0,0,0,0,0,/1
488,489,Tyler Glasnow*\glasnty01,23,PIT,NL,18,23,17,1,5,0,0,0,3,0,0,4,7,0.294,0.455,0.294,0.7490000000000001,105.0,5,0,1,1,0,0,1
489,490,Koda Glover\gloveko01,24,WSN,NL,22,0,0,0,0,0,0,0,0,0,0,0,0,,,,,,0,0,0,0,0,0,1
490,491,Zack Godley\godleza01,27,ARI,NL,25,53,42,1,2,0,0,0,2,0,0,2,26,0.048,0.091,0.048,0.139,-63.0,2,0,0,9,0,0,1
491,492,Erik Goeddel\goedder01,28,NYM,NL,30,0,0,0,0,0,0,0,0,0,0,0,0,,,,,,0,0,0,0,0,0,1
492,493,David Goforth\goforda01,28,MIL,NL,1,0,0,0,0,0,0,0,0,0,0,0,0,,,,,,0,0,0,0,0,0,/1
493,494,Luiz Gohara*\goharlu01,20,ATL,NL,5,10,9,0,0,0,0,0,0,0,0,0,7,0.0,0.0,0.0,0.0,-100.0,0,1,0,1,0,0,/1
495,496,Paul Goldschmidt\goldspa01,29,ARI,NL,155,665,558,117,166,34,3,36,120,18,5,94,147,0.297,0.40399999999999997,0.563,0.966,140.0,314,14,8,0,4,15,*3/D
498,499,Jeanmar Gomez\gomezje01,29,PHI,NL,17,0,0,0,0,0,0,0,0,0,0,0,0,,,,,,0,0,0,0,0,0,1
499,500,Miguel Gomez#\gomezmi01,24,SFG,NL,22,34,33,3,8,2,0,0,2,0,0,0,6,0.242,0.235,0.303,0.5379999999999999,42.0,10,1,0,0,1,0,/4
500,501,Roberto Gomez#\gomezro01,27,SFG,NL,3,0,0,0,0,0,0,0,0,0,0,0,0,,,,,,0,0,0,0,0,0,/1
504,505,Adrian Gonzalez*\gonzaad01,35,LAD,NL,71,252,231,14,56,17,0,3,30,0,1,16,43,0.242,0.287,0.355,0.642,69.0,82,7,0,0,4,1,3
505,506,Carlos Gonzalez*\gonzaca01,31,COL,NL,136,534,470,72,123,34,0,14,57,3,0,56,119,0.262,0.33899999999999997,0.423,0.762,87.0,199,9,2,0,6,3,*9/D
507,508,Gio Gonzalez\gonzagi01,31,WSN,NL,30,75,66,3,6,0,0,0,5,0,0,4,29,0.091,0.14300000000000002,0.091,0.23399999999999999,-37.0,6,0,0,5,0,0,1
513,514,Brian Goodwin*\goodwbr01,26,WSN,NL,74,278,251,41,63,21,1,13,30,6,0,23,69,0.251,0.313,0.498,0.8109999999999999,106.0,125,3,1,0,3,2,879
516,517,Dee Gordon*\gordode01,29,MIA,NL,158,695,653,114,201,20,9,2,33,60,16,25,93,0.308,0.341,0.375,0.716,95.0,245,7,10,2,4,0,*4/6
523,524,Trevor Gott\gotttr01,24,WSN,NL,4,0,0,0,0,0,0,0,0,0,0,0,0,,,,,,0,0,0,0,0,0,/1
524,525,Matt Grace*\gracema02,28,WSN,NL,39,5,5,0,0,0,0,0,0,0,0,0,4,0.0,0.0,0.0,0.0,-100.0,0,0,0,0,0,0,1
525,526,Yasmani Grandal#\grandya01,28,LAD,NL,129,482,438,50,108,27,0,22,58,0,1,40,130,0.247,0.308,0.45899999999999996,0.767,100.0,201,10,0,1,3,0,*2
526,527,Curtis Granderson*\grandcu01,36,TOT,NL,147,527,449,74,95,24,3,26,64,6,2,71,123,0.212,0.32299999999999995,0.452,0.775,103.0,203,5,4,0,3,2,*897/D
532,533,Jon Gray\grayjo02,25,COL,NL,19,43,38,3,3,0,0,1,3,0,0,1,27,0.079,0.10300000000000001,0.158,0.26,-37.0,6,0,0,4,0,0,1
534,535,Grant Green\greengr01,29,WSN,NL,2,3,3,0,0,0,0,0,0,0,0,0,2,0.0,0.0,0.0,0.0,-100.0,0,0,0,0,0,0,/4
538,539,Zack Greinke\greinza01,33,ARI,NL,30,70,62,4,13,4,0,0,4,0,0,2,18,0.21,0.24600000000000002,0.27399999999999997,0.52,31.0,17,0,1,5,0,0,1
539,540,Randal Grichuk\grichra01,25,STL,NL,122,442,412,53,98,25,3,22,59,6,1,26,133,0.23800000000000002,0.285,0.473,0.758,96.0,195,9,2,0,2,3,79/8
544,545,Justin Grimm\grimmju01,28,CHC,NL,48,3,3,0,0,0,0,0,0,0,0,0,1,0.0,0.0,0.0,0.0,-100.0,0,1,0,0,0,0,1
546,547,Robert Gsellman\gsellro01,23,NYM,NL,27,44,34,2,5,0,0,0,4,0,0,6,14,0.147,0.268,0.147,0.415,15.0,5,0,0,3,1,0,1
548,549,Javy Guerra\guerrja01,31,MIA,NL,16,1,1,0,0,0,0,0,0,0,0,0,1,0.0,0.0,0.0,0.0,-100.0,0,0,0,0,0,0,1
549,550,Junior Guerra\guerrju02,32,MIL,NL,20,21,16,0,0,0,0,0,0,0,0,0,4,0.0,0.0,0.0,0.0,-100.0,0,0,0,5,0,0,1
551,552,Jeremy Guthrie\guthrje01,38,WSN,NL,1,0,0,0,0,0,0,0,0,0,0,0,0,,,,,,0,0,0,0,0,0,/1
552,553,Franklin Gutierrez\gutiefr01,34,LAD,NL,35,63,56,8,13,3,0,1,8,0,1,7,16,0.23199999999999998,0.317,0.33899999999999997,0.657,75.0,19,2,0,0,0,0,7
554,555,Jedd Gyorko\gyorkje01,28,STL,NL,125,481,426,52,116,21,2,20,67,6,2,47,105,0.272,0.341,0.47200000000000003,0.813,113.0,201,12,1,0,7,1,*53/4D7
555,556,Josh Hader*\haderjo01,23,MIL,NL,32,4,4,0,0,0,0,0,0,0,0,0,2,0.0,0.0,0.0,0.0,-100.0,0,0,0,0,0,0,1
558,559,Billy Hamilton#\hamilbi02,26,CIN,NL,139,633,582,85,144,17,11,4,38,59,13,44,133,0.247,0.299,0.335,0.634,66.0,195,5,0,5,2,0,*8
560,561,Brad Hand*\handbr01,27,SDP,NL,66,2,1,0,0,0,0,0,0,0,0,0,0,0.0,0.0,0.0,0.0,-100.0,0,0,0,1,0,0,1
561,562,Ryan Hanigan\hanigry01,36,COL,NL,33,112,101,9,27,2,0,2,12,0,0,8,26,0.267,0.324,0.34700000000000003,0.6709999999999999,67.0,35,5,1,1,1,2,2
567,568,Ian Happ#\happia01,22,CHC,NL,115,413,364,62,92,17,3,24,68,8,4,39,129,0.253,0.32799999999999996,0.514,0.8420000000000001,114.0,187,12,4,2,4,5,8479/5
571,572,Bryce Harper*\harpebr03,24,WSN,NL,111,492,420,95,134,27,1,29,87,4,2,68,99,0.319,0.413,0.595,1.008,158.0,250,15,1,0,3,11,*9
573,574,Josh Harrison\harrijo05,29,PIT,NL,128,542,486,66,132,26,2,16,47,12,4,28,90,0.272,0.33899999999999997,0.43200000000000005,0.7709999999999999,102.0,210,5,23,2,3,2,45/79
575,576,Matt Harvey\harvema01,28,NYM,NL,18,36,34,2,2,0,0,0,1,0,0,1,13,0.059000000000000004,0.086,0.059000000000000004,0.145,-60.0,2,3,0,1,0,0,1
580,581,Jeremy Hazelbaker*\hazelje01,29,ARI,NL,41,61,52,10,18,2,2,2,10,1,0,9,20,0.34600000000000003,0.44299999999999995,0.5770000000000001,1.02,154.0,30,0,0,0,0,2,7/98
586,587,Austin Hedges\hedgeau01,24,SDP,NL,120,417,387,36,83,17,0,18,55,4,1,23,122,0.214,0.262,0.39799999999999996,0.66,74.0,154,10,3,1,3,3,*2/D
587,588,Chris Heisey\heisech01,32,WSN,NL,38,79,74,8,12,3,1,1,5,0,0,5,22,0.162,0.215,0.27,0.485,25.0,20,1,0,0,0,0,7/9
591,592,Kyle Hendricks\hendrky01,27,CHC,NL,24,51,50,3,5,1,0,0,5,0,0,0,28,0.1,0.1,0.12,0.22,-43.0,6,0,0,1,0,0,1
594,595,Ariel Hernandez\hernaar01,25,CIN,NL,17,2,2,0,0,0,0,0,0,0,0,0,1,0.0,0.0,0.0,0.0,-100.0,0,0,0,0,0,0,1
595,596,Cesar Hernandez#\hernace02,27,PHI,NL,128,577,511,85,150,26,6,9,34,15,5,61,104,0.294,0.373,0.42100000000000004,0.7929999999999999,112.0,215,8,4,0,1,1,*4/6
599,600,Enrique Hernandez\hernaen02,25,LAD,NL,140,342,297,46,64,24,2,11,37,3,0,41,80,0.215,0.308,0.42100000000000004,0.7290000000000001,91.0,125,4,0,1,3,2,87695/43D
600,601,Gorkys Hernandez\hernago01,29,SFG,NL,128,348,310,40,79,20,1,0,22,12,4,31,73,0.255,0.327,0.326,0.652,75.0,101,6,3,2,2,3,*789
606,607,Odubel Herrera*\herreod01,25,PHI,NL,138,563,526,67,148,42,3,14,56,8,5,31,126,0.281,0.325,0.452,0.778,104.0,238,13,4,0,2,4,*8
607,608,Chris Herrmann*\herrmch01,29,ARI,NL,106,256,226,35,41,7,0,10,27,5,0,29,67,0.18100000000000002,0.273,0.345,0.619,55.0,78,1,0,0,1,0,27/39
610,611,Jason Heyward*\heywaja01,27,CHC,NL,126,481,432,59,112,15,4,11,59,4,4,41,67,0.259,0.326,0.389,0.715,85.0,168,8,3,2,2,1,*98
615,616,Aaron Hill\hillaa01,35,SFG,NL,34,80,68,7,9,2,1,1,7,0,0,11,13,0.132,0.25,0.235,0.485,30.0,16,2,0,0,1,0,/457
616,617,Rich Hill*\hillri01,37,LAD,NL,23,49,45,1,5,1,0,0,4,0,0,0,18,0.111,0.146,0.133,0.27899999999999997,-25.0,6,0,2,1,1,0,1
617,618,Jeff Hoffman\hoffmje02,24,COL,NL,23,36,33,1,3,1,0,0,1,0,0,0,17,0.091,0.091,0.121,0.212,-48.0,4,1,0,3,0,0,1
621,622,Greg Holland\hollagr01,31,COL,NL,55,0,0,0,0,0,0,0,0,0,0,0,0,,,,,,0,0,0,0,0,0,1
625,626,J.J. Hoover\hoovejj01,29,ARI,NL,49,0,0,0,0,0,0,0,0,0,0,0,0,,,,,,0,0,0,0,0,0,1
626,627,Rhys Hoskins\hoskirh01,24,PHI,NL,50,212,170,37,44,7,0,18,48,2,0,37,46,0.259,0.396,0.618,1.014,165.0,105,2,3,0,2,1,73
631,632,Daniel Hudson\hudsoda01,30,PIT,NL,65,0,0,0,0,0,0,0,0,0,0,0,0,,,,,,0,0,0,0,0,0,1
632,633,Chad Huffman\huffmch01,32,STL,NL,12,15,14,3,4,0,1,0,0,0,0,1,6,0.28600000000000003,0.33299999999999996,0.429,0.762,100.0,6,0,0,0,0,0,/D9
633,634,Jared Hughes\hugheja02,31,MIL,NL,63,0,0,0,0,0,0,0,0,0,0,0,0,,,,,,0,0,0,0,0,0,1
634,635,Nick Hundley\hundlni01,33,SFG,NL,101,303,287,27,70,23,0,9,35,0,0,12,81,0.244,0.272,0.418,0.691,80.0,120,6,0,2,2,2,2/D
636,637,Jason Hursh\hurshja01,25,ATL,NL,9,0,0,0,0,0,0,0,0,0,0,0,0,,,,,,0,0,0,0,0,0,/1
637,638,Jae-gyun Hwang\hwangja01,29,SFG,NL,18,57,52,2,8,1,0,1,5,0,0,5,15,0.154,0.228,0.231,0.45899999999999996,23.0,12,1,0,0,0,0,5/3
638,639,Chris Iannetta\iannech01,34,ARI,NL,89,316,272,38,69,19,0,17,43,0,0,37,87,0.254,0.354,0.511,0.865,114.0,139,3,6,0,1,0,2/5
640,641,Raisel Iglesias\iglesra01,27,CIN,NL,60,1,1,0,1,1,0,0,0,0,0,0,0,1.0,1.0,2.0,3.0,657.0,2,0,0,0,0,0,1
641,642,Ender Inciarte*\inciaen01,26,ATL,NL,157,718,662,93,201,27,5,11,57,22,9,49,94,0.304,0.35,0.409,0.759,98.0,271,8,0,3,4,3,*8
646,647,Luke Jackson\jackslu01,25,ATL,NL,41,3,2,0,0,0,0,0,0,0,0,0,0,0.0,0.0,0.0,0.0,-100.0,0,0,0,1,0,0,1
648,649,Travis Jankowski*\jankotr01,26,SDP,NL,27,87,75,10,14,2,0,0,1,4,0,9,28,0.187,0.282,0.213,0.496,37.0,16,2,1,2,0,0,7/89
649,650,Kenley Jansen#\janseke01,29,LAD,NL,59,4,4,0,2,1,0,0,1,0,0,0,0,0.5,0.5,0.75,1.25,226.0,3,1,0,0,0,0,1
650,651,John Jaso*\jasojo01,33,PIT,NL,126,302,256,28,54,19,0,10,35,1,1,40,66,0.21100000000000002,0.32799999999999996,0.402,0.73,92.0,103,5,5,0,1,2,937
651,652,Jon Jay*\jayjo02,32,CHC,NL,141,433,379,65,112,18,3,2,34,6,2,37,80,0.29600000000000004,0.374,0.375,0.7490000000000001,96.0,142,11,12,3,2,3,*789/D1
661,662,Jim Johnson\johnsji04,34,ATL,NL,56,0,0,0,0,0,0,0,0,0,0,0,0,,,,,,0,0,0,0,0,0,1
662,663,Micah Johnson*\johnsmi04,26,ATL,NL,18,11,10,2,2,0,0,0,0,1,0,0,4,0.2,0.2,0.2,0.4,5.0,2,0,0,1,0,0,/7
663,664,Pierce Johnson\johnspi01,26,CHC,NL,1,0,0,0,0,0,0,0,0,0,0,0,0,,,,,,0,0,0,0,0,0,/1
666,667,Ryder Jones*\jonesry01,23,SFG,NL,53,164,150,12,26,5,2,2,5,1,0,10,52,0.17300000000000001,0.244,0.273,0.517,37.0,41,3,4,0,0,3,35/7
668,669,Tommy Joseph\josepto01,25,PHI,NL,142,533,495,51,119,27,1,22,69,1,0,33,129,0.24,0.289,0.43200000000000005,0.721,89.0,214,21,2,0,3,1,*3/D
671,672,Taylor Jungmann\jungmta01,27,MIL,NL,1,0,0,0,0,0,0,0,0,0,0,0,0,,,,,,0,0,0,0,0,0,/1
677,678,Shawn Kelley\kellesh01,33,WSN,NL,31,0,0,0,0,0,0,0,0,0,0,0,0,,,,,,0,0,0,0,0,0,1
678,679,Carson Kelly\kellyca02,22,STL,NL,34,75,69,5,12,3,0,0,6,0,0,5,11,0.174,0.24,0.217,0.457,23.0,15,3,1,0,0,0,2
680,681,Ty Kelly#\kellyty01,28,TOT,NL,70,105,89,11,17,7,0,2,14,0,0,8,25,0.191,0.257,0.337,0.595,57.0,30,0,1,4,3,0,4/7598
683,684,Matt Kemp\kempma01,32,ATL,NL,115,467,438,47,121,23,1,19,64,0,2,27,99,0.276,0.318,0.46299999999999997,0.7809999999999999,100.0,203,25,0,0,1,5,7/D
685,686,Howie Kendrick\kendrho01,33,TOT,NL,91,334,305,40,96,16,3,9,41,12,5,22,68,0.315,0.368,0.475,0.8440000000000001,120.0,145,8,5,0,2,0,74/39D
691,692,Clayton Kershaw*\kershcl01,29,LAD,NL,24,59,49,6,9,1,0,0,2,0,0,4,13,0.184,0.245,0.204,0.449,22.0,10,2,0,6,0,0,1
703,704,Patrick Kivlehan\kivlepa01,27,CIN,NL,115,204,178,23,37,5,1,9,26,1,2,22,61,0.20800000000000002,0.304,0.39899999999999997,0.703,82.0,71,2,3,0,1,1,937/58
705,706,Andrew Knapp#\knappan01,25,PHI,NL,56,204,171,26,44,8,1,3,13,1,0,31,56,0.257,0.368,0.368,0.736,98.0,63,5,0,0,2,4,2/3D
706,707,Corey Knebel\knebeco01,25,MIL,NL,71,0,0,0,0,0,0,0,0,0,0,0,0,,,,,,0,0,0,0,0,0,1
707,708,Matt Koch*\kochma01,26,ARI,NL,1,0,0,0,0,0,0,0,0,0,0,0,0,,,,,,0,0,0,0,0,0,/1
711,712,George Kontos\kontoge01,32,TOT,NL,59,2,2,0,0,0,0,0,0,0,0,0,1,0.0,0.0,0.0,0.0,-100.0,0,0,0,0,0,0,1
718,719,Ian Krol*\krolia01,26,ATL,NL,48,1,1,0,0,0,0,0,0,0,0,0,0,0.0,0.0,0.0,0.0,-100.0,0,0,0,0,0,0,1
719,720,Chad Kuhl\kuhlch01,24,PIT,NL,30,52,48,2,5,2,0,0,3,0,0,1,16,0.10400000000000001,0.122,0.146,0.268,-29.0,7,1,0,3,0,0,1
720,721,Tommy La Stella*\lasteto01,28,CHC,NL,73,151,125,18,36,8,0,5,22,0,0,20,18,0.28800000000000003,0.389,0.47200000000000003,0.861,123.0,59,3,2,0,2,1,45/3
721,722,John Lackey\lackejo01,38,CHC,NL,31,61,53,2,7,1,0,0,1,1,1,3,23,0.132,0.179,0.151,0.33,-13.0,8,0,0,5,0,0,1
722,723,Juan Lagares\lagarju01,28,NYM,NL,94,272,252,37,63,16,2,3,15,7,3,14,56,0.25,0.29600000000000004,0.365,0.6609999999999999,75.0,92,6,3,2,1,0,8
724,725,Jake Lamb*\lambja01,26,ARI,NL,149,635,536,89,133,30,4,30,105,6,4,87,152,0.248,0.35700000000000004,0.48700000000000004,0.8440000000000001,110.0,261,15,7,0,5,13,*5/D
725,726,Dinelson Lamet\lametdi01,24,SDP,NL,19,38,35,0,3,0,0,0,0,0,0,0,22,0.086,0.086,0.086,0.171,-54.0,3,0,0,3,0,0,1
728,729,Derek Law\lawde01,26,SFG,NL,39,0,0,0,0,0,0,0,0,0,0,0,0,,,,,,0,0,0,0,0,0,1
735,736,Jack Leathersich\leathja01,26,TOT,NL,7,0,0,0,0,0,0,0,0,0,0,0,0,,,,,,0,0,0,0,0,0,/1
738,739,Wade LeBlanc*\leblawa01,32,PIT,NL,46,5,5,0,1,0,0,0,1,0,0,0,3,0.2,0.2,0.2,0.4,7.0,1,0,0,0,0,0,1
740,741,Zach Lee\leeza01,25,SDP,NL,3,3,3,0,0,0,0,0,0,0,0,0,0,0.0,0.0,0.0,0.0,-100.0,0,0,0,0,0,0,/1
741,742,Mark Leiter\leitema02,26,PHI,NL,23,26,25,0,2,0,0,0,0,0,0,0,12,0.08,0.08,0.08,0.16,-57.0,2,1,0,1,0,0,1
742,743,DJ LeMahieu\lemahdj01,28,COL,NL,155,682,609,95,189,28,4,8,64,6,5,59,90,0.31,0.374,0.409,0.7829999999999999,94.0,249,24,6,3,5,1,*4
745,746,Jon Lester*\lestejo01,33,CHC,NL,30,65,54,5,8,3,0,1,6,1,0,4,26,0.14800000000000002,0.203,0.259,0.46299999999999997,19.0,14,0,0,6,1,0,1
746,747,Adam Liberatore*\liberad01,30,LAD,NL,4,0,0,0,0,0,0,0,0,0,0,0,0,,,,,,0,0,0,0,0,0,/1
748,749,Adam Lind*\lindad01,33,WSN,NL,116,301,267,39,81,14,0,14,59,1,0,28,47,0.303,0.36200000000000004,0.513,0.875,124.0,137,6,0,0,6,5,37/D
749,750,Josh Lindblom\lindbjo01,30,PIT,NL,4,2,2,0,0,0,0,0,0,0,0,0,1,0.0,0.0,0.0,0.0,-100.0,0,0,0,0,0,0,/1
754,755,Ben Lively\livelbe01,25,PHI,NL,14,26,26,2,6,0,0,2,8,0,0,0,9,0.231,0.231,0.462,0.6920000000000001,78.0,12,0,0,0,0,0,1
755,756,Kyle Lloyd\lloydky01,26,SDP,NL,1,1,1,0,0,0,0,0,0,0,0,0,0,0.0,0.0,0.0,0.0,-100.0,0,0,0,0,0,0,/1
756,757,Jose Lobaton#\lobatjo01,32,WSN,NL,51,158,141,11,24,3,0,4,11,0,0,14,35,0.17,0.248,0.27699999999999997,0.525,37.0,39,5,1,1,1,1,2
757,758,Tim Locastro\locasti01,24,LAD,NL,3,1,1,0,0,0,0,0,0,1,0,0,0,0.0,0.0,0.0,0.0,-100.0,0,0,0,0,0,0,/7
758,759,Jeff Locke*\lockeje01,29,MIA,NL,7,11,10,0,0,0,0,0,0,0,0,1,9,0.0,0.091,0.0,0.091,-72.0,0,0,0,0,0,0,/1
760,761,Steve Lombardozzi#\lombast02,28,MIA,NL,2,8,8,0,0,0,0,0,0,0,0,0,2,0.0,0.0,0.0,0.0,-100.0,0,0,0,0,0,0,/4
762,763,Jorge Lopez\lopezjo02,24,MIL,NL,1,0,0,0,0,0,0,0,0,0,0,0,0,,,,,,0,0,0,0,0,0,/1
764,765,Michael Lorenzen\lorenmi01,25,CIN,NL,70,12,12,1,2,0,0,1,1,0,0,0,5,0.16699999999999998,0.16699999999999998,0.41700000000000004,0.583,45.0,5,0,0,0,0,0,1
767,768,Josh Lucas\lucasjo02,26,STL,NL,5,0,0,0,0,0,0,0,0,0,0,0,0,,,,,,0,0,0,0,0,0,/1
771,772,Seth Lugo\lugose01,27,NYM,NL,18,34,29,4,4,2,0,1,2,0,0,0,10,0.138,0.138,0.31,0.44799999999999995,14.0,9,1,0,5,0,0,1
772,773,Jordan Luplow\luplojo01,23,PIT,NL,27,87,78,6,16,3,1,3,11,0,1,6,22,0.205,0.276,0.385,0.66,72.0,30,4,2,0,1,0,97
773,774,Jordan Lyles\lylesjo01,26,TOT,NL,37,14,13,1,3,0,0,0,3,0,0,1,6,0.231,0.28600000000000003,0.231,0.516,38.0,3,0,0,0,0,0,1
776,777,Lance Lynn#\lynnla01,30,STL,NL,31,61,54,2,4,2,0,0,0,0,0,1,25,0.07400000000000001,0.107,0.111,0.218,-42.0,6,1,1,5,0,0,1
777,778,Tyler Lyons*\lyonsty01,29,STL,NL,48,2,1,0,0,0,0,0,0,0,0,1,1,0.0,0.5,0.0,0.5,52.0,0,0,0,0,0,0,1
783,784,Kenta Maeda\maedake01,29,LAD,NL,28,44,39,2,5,1,0,0,4,0,0,0,3,0.128,0.128,0.154,0.282,-25.0,6,1,0,5,0,0,1
784,785,Tyler Mahle\mahlety01,22,CIN,NL,4,8,7,1,1,0,0,0,0,0,0,0,2,0.14300000000000002,0.25,0.14300000000000002,0.39299999999999996,8.0,1,0,1,0,0,0,/1
790,791,Dillon Maples\mapledi01,25,CHC,NL,5,0,0,0,0,0,0,0,0,0,0,0,0,,,,,,0,0,0,0,0,0,/1
791,792,Manuel Margot\margoma01,22,SDP,NL,126,529,487,53,128,18,7,13,39,17,7,35,106,0.263,0.313,0.409,0.721,92.0,199,6,2,1,4,0,*8
793,794,Jhan Marinez\marinjh01,28,TOT,NL,39,6,6,0,1,1,0,0,0,0,0,0,4,0.16699999999999998,0.16699999999999998,0.33299999999999996,0.5,27.0,2,0,0,0,0,0,1
798,799,Nick Markakis*\markani01,33,ATL,NL,160,670,593,76,163,39,1,8,76,0,2,68,110,0.275,0.354,0.384,0.738,93.0,228,16,6,0,3,8,*9/D
799,800,German Marquez\marquge01,22,COL,NL,26,53,45,4,8,2,0,0,5,0,0,0,18,0.17800000000000002,0.17800000000000002,0.222,0.4,-2.0,10,1,0,8,0,0,1
800,801,Chris Marrero\marrech01,28,SFG,NL,15,41,38,2,5,0,0,1,5,0,0,2,9,0.132,0.171,0.21100000000000002,0.381,1.0,8,4,0,0,1,0,7
803,804,Ketel Marte#\marteke01,23,ARI,NL,73,255,223,30,58,11,2,5,18,3,1,29,37,0.26,0.345,0.395,0.74,86.0,88,3,1,0,2,3,6/5
804,805,Starling Marte\martest01,28,PIT,NL,77,339,309,48,85,7,2,7,31,21,4,20,63,0.275,0.33299999999999996,0.379,0.7120000000000001,88.0,117,5,8,0,2,0,78
810,811,Carlos Martinez\martica04,25,STL,NL,31,69,62,5,11,3,0,0,11,0,0,1,19,0.177,0.203,0.226,0.429,14.0,14,1,1,5,0,0,1
814,815,Jose Martinez\martijo08,28,STL,NL,106,307,272,47,84,13,1,14,46,4,0,32,60,0.309,0.379,0.518,0.897,135.0,141,9,0,1,2,2,379/D
820,821,Jeff Mathis\mathije01,34,ARI,NL,60,203,186,13,40,10,2,2,11,1,0,14,61,0.215,0.27699999999999997,0.32299999999999995,0.6,51.0,60,6,2,1,0,1,2
821,822,Phil Maton\matonph01,24,SDP,NL,44,0,0,0,0,0,0,0,0,0,0,0,0,,,,,,0,0,0,0,0,0,1
822,823,Steven Matz\matzst01,26,NYM,NL,17,24,21,1,3,0,0,0,1,0,0,0,7,0.14300000000000002,0.14300000000000002,0.14300000000000002,0.28600000000000003,-24.0,3,0,0,3,0,0,1
832,833,Mike Mayers\mayermi01,25,STL,NL,3,0,0,0,0,0,0,0,0,0,0,0,0,,,,,,0,0,0,0,0,0,/1
835,836,Cory Mazzoni\mazzoco01,27,SDP,NL,5,0,0,0,0,0,0,0,0,0,0,0,0,,,,,,0,0,0,0,0,0,/1
839,840,Brandon McCarthy\mccarbr01,33,LAD,NL,18,28,23,2,1,0,0,0,0,0,0,3,16,0.043,0.154,0.043,0.19699999999999998,-43.0,1,0,0,2,0,0,1
842,843,Andrew McCutchen\mccutan01,30,PIT,NL,156,650,570,94,159,30,2,28,88,11,5,73,116,0.27899999999999997,0.363,0.486,0.8490000000000001,122.0,277,10,4,0,3,5,*89/D
843,844,T.J. McFarland*\mcfartj01,28,ARI,NL,41,5,5,0,1,0,0,0,0,0,0,0,3,0.2,0.2,0.2,0.4,2.0,1,0,0,0,0,0,1
844,845,Jake McGee*\mcgeeja01,30,COL,NL,58,0,0,0,0,0,0,0,0,0,0,0,0,,,,,,0,0,0,0,0,0,1
845,846,Dustin McGowan\mcgowdu01,35,MIA,NL,61,7,6,0,0,0,0,0,0,0,0,0,6,0.0,0.0,0.0,0.0,-100.0,0,0,0,1,0,0,1
846,847,Kevin McGowan\mcgowke01,25,NYM,NL,8,0,0,0,0,0,0,0,0,0,0,0,0,,,,,,0,0,0,0,0,0,/1
847,848,Kyle McGrath*\mcgraky01,24,SDP,NL,16,0,0,0,0,0,0,0,0,0,0,0,0,,,,,,0,0,0,0,0,0,1
848,849,Deck McGuire\mcguide02,28,CIN,NL,6,3,3,0,0,0,0,0,1,0,0,0,1,0.0,0.0,0.0,0.0,-100.0,0,0,0,0,0,0,/1
850,851,Ryan McMahon*\mcmahry01,22,COL,NL,17,24,19,2,3,1,0,0,1,0,0,5,5,0.158,0.33299999999999996,0.21100000000000002,0.544,40.0,4,1,0,0,0,0,/345
851,852,Alex Mejia\mejiaal01,26,STL,NL,29,49,46,6,5,0,0,1,3,0,0,2,13,0.109,0.146,0.174,0.32,-15.0,8,2,0,1,0,0,5/463
853,854,Mark Melancon\melanma01,32,SFG,NL,31,0,0,0,0,0,0,0,0,0,0,0,0,,,,,,0,0,0,0,0,0,1
854,855,Keury Mella\mellake01,23,CIN,NL,2,0,0,0,0,0,0,0,0,0,0,0,0,,,,,,0,0,0,0,0,0,/1
858,859,Jordy Mercer\mercejo03,30,PIT,NL,145,558,502,52,128,24,5,14,58,0,4,51,88,0.255,0.326,0.406,0.733,92.0,204,16,3,0,2,13,*6
860,861,Devin Mesoraco\mesorde01,29,CIN,NL,56,165,141,17,30,5,1,6,14,1,0,18,38,0.213,0.321,0.39,0.711,85.0,55,4,5,0,1,0,2/D
867,868,Shelby Miller\millesh01,26,ARI,NL,4,9,6,2,0,0,0,0,0,0,0,2,3,0.0,0.33299999999999996,0.0,0.33299999999999996,-4.0,0,0,1,0,0,0,/1
868,869,Hoby Milner*\milneho01,26,PHI,NL,37,2,2,0,0,0,0,0,0,0,0,0,2,0.0,0.0,0.0,0.0,-100.0,0,0,0,0,0,0,1
869,870,Tommy Milone*\milonto01,30,TOT,NL,16,12,9,0,1,0,0,0,1,0,0,2,5,0.111,0.273,0.111,0.384,8.0,1,0,0,1,0,0,1
874,875,A.J. Minter*\minteaj01,23,ATL,NL,16,0,0,0,0,0,0,0,0,0,0,0,0,,,,,,0,0,0,0,0,0,1
877,878,Yadier Molina\molinya01,34,STL,NL,136,543,501,60,137,27,1,18,82,9,4,28,74,0.273,0.312,0.439,0.7509999999999999,96.0,220,14,4,1,9,4,*2/3
879,880,Carlos Moncrief*\moncrca01,28,SFG,NL,28,43,38,4,8,1,0,0,5,0,0,3,15,0.21100000000000002,0.256,0.237,0.493,33.0,9,0,0,0,2,0,9/7
885,886,Rafael Montero\montera01,26,NYM,NL,32,28,25,1,2,0,0,0,1,0,0,0,10,0.08,0.08,0.08,0.16,-57.0,2,0,0,3,0,0,1
887,888,Mike Montgomery*\montgmi01,27,CHC,NL,40,30,27,5,5,1,0,1,3,0,0,0,10,0.185,0.185,0.33299999999999996,0.519,31.0,9,0,0,3,0,0,1
888,889,Matt Moore*\moorema02,28,SFG,NL,31,53,47,3,6,0,0,0,4,0,0,2,19,0.128,0.163,0.128,0.29100000000000004,-21.0,6,2,0,4,0,0,1
889,890,Tyler Moore\moorety01,30,MIA,NL,104,203,187,17,43,14,0,6,30,0,0,10,56,0.23,0.267,0.401,0.6679999999999999,78.0,75,7,1,1,4,0,3/79
893,894,Adam Morgan*\morgaad01,27,PHI,NL,36,3,2,0,1,0,0,0,0,0,0,1,1,0.5,0.667,0.5,1.167,219.0,1,0,0,0,0,0,1
896,897,Max Moroff#\morofma01,24,PIT,NL,56,140,120,19,24,4,1,3,21,0,1,16,43,0.2,0.302,0.325,0.627,66.0,39,0,2,1,1,0,46/5
897,898,Reyes Moronta\moronre01,24,SFG,NL,6,0,0,0,0,0,0,0,0,0,0,0,0,,,,,,0,0,0,0,0,0,/1
898,899,Akeel Morris\morriak01,24,ATL,NL,8,0,0,0,0,0,0,0,0,0,0,0,0,,,,,,0,0,0,0,0,0,/1
899,900,Bryan Morris*\morribr01,30,SFG,NL,20,0,0,0,0,0,0,0,0,0,0,0,0,,,,,,0,0,0,0,0,0,1
901,902,Brandon Morrow\morrobr01,32,LAD,NL,43,0,0,0,0,0,0,0,0,0,0,0,0,,,,,,0,0,0,0,0,0,1
902,903,Mike Morse\morsemi01,35,SFG,NL,24,40,36,1,7,1,0,1,3,0,0,3,14,0.19399999999999998,0.25,0.306,0.556,47.0,11,1,0,0,1,0,3/7
905,906,Jason Motte\motteja01,35,ATL,NL,42,0,0,0,0,0,0,0,0,0,0,0,0,,,,,,0,0,0,0,0,0,1
910,911,Daniel Murphy*\murphda08,32,WSN,NL,144,593,534,94,172,43,3,23,93,2,0,52,77,0.322,0.384,0.5429999999999999,0.9279999999999999,137.0,290,16,4,0,3,14,*4
911,912,John Ryan Murphy\murphjr01,26,ARI,NL,5,7,7,0,1,1,0,0,1,0,0,0,1,0.14300000000000002,0.14300000000000002,0.28600000000000003,0.429,4.0,2,1,0,0,0,0,/2
912,913,Tom Murphy\murphto04,26,COL,NL,12,26,24,1,1,1,0,0,1,0,0,2,9,0.042,0.115,0.083,0.19899999999999998,-49.0,2,0,0,0,0,1,/2
914,915,Wil Myers\myerswi01,26,SDP,NL,155,649,567,80,138,29,3,30,74,20,6,70,180,0.243,0.32799999999999996,0.46399999999999997,0.792,110.0,263,15,5,0,7,3,*3/4D
918,919,Daniel Nava#\navada01,34,PHI,NL,80,214,183,21,55,8,1,4,21,1,0,26,38,0.301,0.39299999999999996,0.42100000000000004,0.813,118.0,77,2,3,0,2,0,7/93D
921,922,Kristopher Negron\negrokr01,31,ARI,NL,14,31,25,3,4,1,0,0,1,0,0,4,7,0.16,0.3,0.2,0.5,30.0,5,1,1,1,0,0,/7634
922,923,Jimmy Nelson\nelsoji02,28,MIL,NL,27,60,57,0,6,0,0,0,2,0,0,1,35,0.105,0.121,0.105,0.226,-40.0,6,0,0,2,0,0,1
923,924,Hector Neris\nerishe01,28,PHI,NL,71,0,0,0,0,0,0,0,0,0,0,0,0,,,,,,0,0,0,0,0,0,1
924,925,Pat Neshek#\neshepa01,36,TOT,NL,66,0,0,0,0,0,0,0,0,0,0,0,0,,,,,,0,0,0,0,0,0,1
927,928,Dovydas Neverauskas\neverdo01,24,PIT,NL,24,0,0,0,0,0,0,0,0,0,0,0,0,,,,,,0,0,0,0,0,0,1
928,929,Sean Newcomb*\newcose01,24,ATL,NL,19,35,27,1,1,0,0,0,0,0,0,2,17,0.037000000000000005,0.10300000000000001,0.037000000000000005,0.14,-61.0,1,1,0,6,0,0,1
929,930,Gift Ngoepe\ngoepgi01,27,PIT,NL,28,63,54,10,12,2,1,0,6,0,0,8,26,0.222,0.32299999999999995,0.29600000000000004,0.619,66.0,16,0,0,1,0,0,4/65
930,931,Juan Nicasio\nicasju01,30,TOT,NL,69,1,1,0,0,0,0,0,0,0,0,0,0,0.0,0.0,0.0,0.0,-100.0,0,0,0,0,0,0,1
935,936,Justin Nicolino*\nicolju01,25,MIA,NL,20,13,11,0,0,0,0,0,0,0,0,0,2,0.0,0.0,0.0,0.0,-100.0,0,0,0,2,0,0,1
936,937,Tomas Nido\nidoto01,23,NYM,NL,5,10,10,0,3,1,0,0,3,0,0,0,2,0.3,0.3,0.4,0.7,84.0,4,0,0,0,0,0,/2
937,938,Kirk Nieuwenhuis*\nieuwki01,29,MIL,NL,16,31,26,3,3,1,0,1,1,0,0,4,15,0.115,0.258,0.26899999999999996,0.527,38.0,7,0,1,0,0,0,/87
938,939,Brandon Nimmo*\nimmobr01,24,NYM,NL,69,215,177,26,46,11,1,5,21,2,0,33,60,0.26,0.379,0.418,0.797,112.0,74,3,2,1,2,1,78/9D
939,940,Aaron Nola\nolaaa01,24,PHI,NL,25,54,48,3,4,0,0,0,1,0,0,4,25,0.083,0.154,0.083,0.237,-34.0,4,0,0,2,0,0,1
943,944,Ivan Nova\novaiv01,30,PIT,NL,29,60,51,0,1,0,0,0,0,0,0,0,31,0.02,0.02,0.02,0.039,-90.0,1,0,0,9,0,0,1
950,951,Eric O'Flaherty*\oflaher01,32,ATL,NL,22,0,0,0,0,0,0,0,0,0,0,0,0,,,,,,0,0,0,0,0,0,1
951,952,Chris O'Grady\ogradch01,27,MIA,NL,13,9,8,0,0,0,0,0,0,0,0,0,5,0.0,0.0,0.0,0.0,-100.0,0,0,0,1,0,0,1
952,953,Scott Oberg\obergsc01,27,COL,NL,65,0,0,0,0,0,0,0,0,0,0,0,0,,,,,,0,0,0,0,0,0,1
955,956,Seung-hwan Oh\ohse01,34,STL,NL,60,0,0,0,0,0,0,0,0,0,0,0,0,,,,,,0,0,0,0,0,0,1
957,958,Steven Okert*\okertst01,25,SFG,NL,41,1,1,0,0,0,0,0,0,0,0,0,1,0.0,0.0,0.0,0.0,-100.0,0,0,0,0,0,0,1
960,961,Danny Ortiz*\ortizda02,27,PIT,NL,9,13,12,1,1,0,0,0,0,0,0,1,1,0.083,0.154,0.083,0.237,-34.0,1,0,0,0,0,0,/978
961,962,Josh Osich*\osichjo01,28,SFG,NL,51,0,0,0,0,0,0,0,0,0,0,0,0,,,,,,0,0,0,0,0,0,1
962,963,Jose Osuna\osunajo01,24,PIT,NL,104,227,215,31,50,13,4,7,30,0,0,9,40,0.233,0.26899999999999996,0.428,0.6970000000000001,80.0,92,10,2,0,1,0,937
965,966,Adam Ottavino#\ottavad01,31,COL,NL,59,0,0,0,0,0,0,0,0,0,0,0,0,,,,,,0,0,0,0,0,0,1
969,970,Chris Owings\owingch01,25,ARI,NL,97,386,362,41,97,25,1,12,51,12,2,17,87,0.268,0.299,0.442,0.741,83.0,160,3,1,2,4,0,694/7
970,971,Marcell Ozuna\ozunama01,26,MIA,NL,159,679,613,93,191,30,2,37,124,1,3,64,144,0.312,0.376,0.5479999999999999,0.924,146.0,336,18,0,0,2,4,*7/8D9
972,973,Joe Panik*\panikjo01,26,SFG,NL,138,573,511,60,147,28,5,10,53,4,1,46,54,0.28800000000000003,0.34700000000000003,0.42100000000000004,0.768,103.0,215,10,5,3,8,4,*4
974,975,Edward Paredes*\pareded02,30,LAD,NL,10,0,0,0,0,0,0,0,0,0,0,0,0,,,,,,0,0,0,0,0,0,1
976,977,Jarrett Parker*\parkeja03,28,SFG,NL,51,177,166,14,41,12,2,4,23,2,1,10,54,0.247,0.294,0.41600000000000004,0.7090000000000001,85.0,69,2,1,0,0,2,7/9D
978,979,Gerardo Parra*\parrage01,30,COL,NL,115,425,392,56,121,24,1,10,71,2,5,20,67,0.309,0.341,0.452,0.7929999999999999,94.0,177,13,4,0,9,0,79/38D
982,983,Joc Pederson*\pederjo01,25,LAD,NL,102,323,273,44,58,20,0,11,35,4,3,39,68,0.212,0.331,0.40700000000000003,0.738,95.0,111,7,10,0,1,1,8/7
985,986,Felix Pena\penafe01,27,CHC,NL,24,4,3,0,0,0,0,0,0,0,0,1,1,0.0,0.25,0.0,0.25,-26.0,0,0,0,0,0,0,1
987,988,Hunter Pence\pencehu01,34,SFG,NL,134,539,493,55,128,13,5,13,67,2,3,40,102,0.26,0.315,0.385,0.701,85.0,190,8,2,0,4,1,*9/D
989,990,David Peralta*\peralda01,29,ARI,NL,140,577,525,82,154,31,3,14,57,8,4,43,94,0.293,0.35200000000000004,0.444,0.7959999999999999,99.0,233,7,6,0,3,1,*97/D
990,991,Jhonny Peralta\peraljh01,35,STL,NL,21,58,54,3,11,0,0,0,0,0,0,4,13,0.204,0.259,0.204,0.462,26.0,11,2,0,0,0,0,5
991,992,Wandy Peralta*\peralwa01,25,CIN,NL,66,0,0,0,0,0,0,0,0,0,0,0,0,,,,,,0,0,0,0,0,0,1
992,993,Wily Peralta\peralwi01,28,MIL,NL,18,15,13,0,3,0,0,0,1,0,0,1,4,0.231,0.28600000000000003,0.231,0.516,38.0,3,0,0,1,0,0,1
993,994,Jose Peraza\perazjo01,23,CIN,NL,143,518,487,50,126,9,4,5,37,23,8,20,70,0.259,0.297,0.324,0.622,63.0,158,7,7,3,1,1,46/8
994,995,Luis Perdomo\perdolu02,24,SDP,NL,27,53,46,3,5,1,4,0,3,0,0,1,20,0.109,0.128,0.304,0.43200000000000005,11.0,14,1,0,6,0,0,1
996,997,Hernan Perez\perezhe01,26,MIL,NL,136,458,432,47,112,19,3,14,51,13,4,20,79,0.259,0.289,0.414,0.7040000000000001,81.0,179,8,0,2,4,1,75984/631
998,999,Oliver Perez*\perezol01,35,WSN,NL,47,0,0,0,0,0,0,0,0,0,0,0,0,,,,,,0,0,0,0,0,0,1
1001,1002,Cameron Perkins\perkica01,26,PHI,NL,42,97,88,9,16,5,0,1,8,0,0,5,23,0.182,0.237,0.273,0.51,36.0,24,1,2,0,2,0,79/83
1002,1003,Dillon Peters*\peterdi01,24,MIA,NL,6,11,9,1,0,0,0,0,0,0,0,0,8,0.0,0.0,0.0,0.0,-100.0,0,0,0,2,0,0,/1
1003,1004,Jace Peterson*\peterja01,27,ATL,NL,89,215,186,15,40,9,2,2,17,3,0,27,48,0.215,0.318,0.317,0.635,67.0,59,4,1,1,0,3,745/369
1007,1008,Tommy Pham\phamth01,29,STL,NL,128,530,444,95,136,22,2,23,73,25,7,71,117,0.306,0.41100000000000003,0.52,0.9309999999999999,145.0,231,18,10,2,3,0,*78/9
1015,1016,Brett Phillips*\phillbr02,23,MIL,NL,37,98,87,9,24,3,0,4,12,5,0,9,34,0.276,0.35100000000000003,0.44799999999999995,0.799,107.0,39,0,1,1,0,2,8/97
1016,1017,Tyler Pill*\pillty01,27,NYM,NL,7,5,5,0,0,0,0,0,0,0,0,0,1,0.0,0.0,0.0,0.0,-100.0,0,0,0,0,0,0,/1
1018,1019,Manny Pina\pinama01,30,MIL,NL,107,359,330,45,92,21,0,9,43,2,0,20,79,0.27899999999999997,0.327,0.424,0.7509999999999999,94.0,140,8,5,1,3,0,2
1021,1022,Ricardo Pinto\pintori01,23,PHI,NL,25,1,1,1,0,0,0,0,0,0,0,0,1,0.0,0.0,0.0,0.0,-100.0,0,0,0,0,0,0,1
1022,1023,Jose Pirela\pireljo01,27,SDP,NL,83,344,312,43,90,25,4,10,40,4,3,27,71,0.28800000000000003,0.34700000000000003,0.49,0.8370000000000001,122.0,153,8,2,1,2,0,7/439D5
1023,1024,Stephen Piscotty\piscost01,26,STL,NL,107,401,341,40,80,16,1,9,39,3,6,52,87,0.235,0.342,0.36700000000000005,0.708,89.0,125,11,5,0,3,2,9
1024,1025,Nick Pivetta\pivetni01,24,PHI,NL,25,48,44,3,3,0,0,0,0,0,0,0,21,0.068,0.068,0.068,0.136,-63.0,3,1,0,4,0,0,1
1025,1026,Kevin Plawecki\plaweke01,26,NYM,NL,37,118,100,11,26,5,0,3,13,1,0,14,17,0.26,0.364,0.4,0.764,103.0,40,2,3,0,1,2,2/31
1029,1030,Gregory Polanco*\polangr01,25,PIT,NL,108,411,379,39,95,20,0,11,35,8,1,27,60,0.251,0.305,0.391,0.695,82.0,148,5,3,0,1,4,97/8D
1031,1032,A.J. Pollock\polloaj01,29,ARI,NL,112,466,425,73,113,33,6,14,49,20,6,35,71,0.266,0.33,0.47100000000000003,0.8009999999999999,99.0,200,8,6,0,0,1,*8/D
1034,1035,Buster Posey\poseybu01,30,SFG,NL,140,568,494,62,158,34,0,12,67,6,1,61,66,0.32,0.4,0.462,0.861,128.0,228,17,8,0,5,13,23/D
1038,1039,Martin Prado\pradoma01,33,MIA,NL,37,147,140,13,35,9,0,2,12,0,0,6,22,0.25,0.27899999999999997,0.35700000000000004,0.636,71.0,50,4,0,0,1,0,5/D
1047,1048,Yasiel Puig\puigya01,26,LAD,NL,152,570,499,72,131,24,2,28,74,15,6,64,100,0.263,0.34600000000000003,0.48700000000000004,0.833,118.0,243,21,2,0,5,8,*9
1049,1050,Kevin Quackenbush\quackke01,28,SDP,NL,18,1,1,0,0,0,0,0,0,0,0,0,1,0.0,0.0,0.0,0.0,-100.0,0,0,0,0,0,0,1
1050,1051,Chad Qualls\quallch01,38,COL,NL,18,0,0,0,0,0,0,0,0,0,0,0,0,,,,,,0,0,0,0,0,0,1
1054,1055,Ryan Raburn\raburry01,36,WSN,NL,25,69,65,7,17,1,2,2,6,0,1,4,25,0.262,0.304,0.431,0.735,88.0,28,1,0,0,0,0,7
1061,1062,Jose Ramirez\ramirjo02,27,ATL,NL,64,0,0,0,0,0,0,0,0,0,0,0,0,,,,,,0,0,0,0,0,0,1
1062,1063,Neil Ramirez\ramirne01,28,TOT,NL,28,1,1,0,0,0,0,0,0,0,0,0,1,0.0,0.0,0.0,0.0,-100.0,0,0,0,0,0,0,1
1065,1066,AJ Ramos\ramosaj01,30,TOT,NL,56,0,0,0,0,0,0,0,0,0,0,0,0,,,,,,0,0,0,0,0,0,1
1068,1069,Edubray Ramos\ramosed02,24,PHI,NL,56,1,1,0,0,0,0,0,0,0,0,0,1,0.0,0.0,0.0,0.0,-100.0,0,0,0,0,0,0,1
1071,1072,Josh Ravin\ravinjo01,29,LAD,NL,14,2,1,0,0,0,0,0,0,0,0,0,0,0.0,0.0,0.0,0.0,-100.0,0,0,0,1,0,0,1
1072,1073,Robbie Ray*\rayro02,25,ARI,NL,27,61,53,5,13,2,0,0,2,0,0,3,23,0.245,0.28600000000000003,0.28300000000000003,0.569,45.0,15,0,0,5,0,0,1
1073,1074,Raudy Read\readra01,23,WSN,NL,8,11,11,1,3,0,0,0,0,0,0,0,3,0.273,0.273,0.273,0.545,43.0,3,0,0,0,0,0,/2
1074,1075,J.T. Realmuto\realmjt01,26,MIA,NL,141,579,532,68,148,31,5,17,65,8,2,36,106,0.278,0.332,0.451,0.7829999999999999,110.0,240,13,8,0,3,4,*2/3D
1075,1076,Anthony Recker\reckean01,33,ATL,NL,6,7,7,1,1,0,0,0,0,0,0,0,1,0.14300000000000002,0.14300000000000002,0.14300000000000002,0.28600000000000003,-25.0,1,1,0,0,0,0,/2
1081,1082,Cody Reed*\reedco01,24,CIN,NL,12,2,2,0,0,0,0,0,0,0,0,0,2,0.0,0.0,0.0,0.0,-100.0,0,0,0,0,0,0,1
1085,1086,Jack Reinheimer\reinhja01,24,ARI,NL,2,5,5,0,0,0,0,0,0,0,0,0,3,0.0,0.0,0.0,0.0,-100.0,0,0,0,0,0,0,/6
1086,1087,Anthony Rendon\rendoan01,27,WSN,NL,147,605,508,81,153,41,1,25,100,7,2,84,82,0.301,0.40299999999999997,0.5329999999999999,0.937,141.0,271,7,7,0,6,6,*5
1087,1088,Hunter Renfroe\renfrhu01,25,SDP,NL,122,479,445,51,103,25,1,26,58,3,0,27,140,0.231,0.284,0.467,0.7509999999999999,97.0,208,4,6,0,1,1,*9/D
1089,1090,Jose Reyes#\reyesjo01,34,NYM,NL,145,561,501,75,123,25,7,15,58,24,6,50,79,0.24600000000000002,0.315,0.413,0.728,91.0,207,3,2,5,3,1,654/87
1090,1091,Mark Reynolds\reynoma01,33,COL,NL,148,593,520,82,139,22,1,30,97,2,1,69,175,0.267,0.35200000000000004,0.48700000000000004,0.8390000000000001,105.0,253,12,1,0,3,0,*3/D7
1091,1092,Matt Reynolds\reynoma03,26,NYM,NL,68,130,113,12,26,1,2,1,5,0,1,14,37,0.23,0.326,0.301,0.626,69.0,34,2,2,1,0,1,56/4739
1092,1093,Jacob Rhame\rhameja01,24,NYM,NL,8,0,0,0,0,0,0,0,0,0,0,0,0,,,,,,0,0,0,0,0,0,/1
1093,1094,Clayton Richard*\richacl01,33,SDP,NL,31,68,57,2,7,1,0,1,4,0,0,1,31,0.12300000000000001,0.16699999999999998,0.193,0.36,-3.0,11,0,2,8,0,0,1
1095,1096,JT Riddle*\riddljt01,25,MIA,NL,70,247,228,20,57,13,1,3,31,0,2,12,50,0.25,0.282,0.355,0.637,72.0,81,6,0,2,5,2,6
1096,1097,Yacksel Rios\riosya01,24,PHI,NL,13,1,1,0,0,0,0,0,0,0,0,0,1,0.0,0.0,0.0,0.0,-100.0,0,0,0,0,0,0,1
1097,1098,Rene Rivera\riverre01,33,TOT,NL,74,237,218,23,55,9,0,10,35,0,1,14,70,0.252,0.305,0.431,0.736,92.0,94,4,3,1,1,3,2/3
1100,1101,T.J. Rivera\rivertj01,28,NYM,NL,73,231,214,27,62,13,1,5,27,1,0,9,32,0.29,0.33,0.43,0.76,100.0,92,4,5,1,2,0,534/7
1101,1102,Yadiel Rivera\riverya01,25,MIL,NL,1,2,2,0,0,0,0,0,0,0,0,0,1,0.0,0.0,0.0,0.0,-100.0,0,0,0,0,0,0,/5
1102,1103,Anthony Rizzo*\rizzoan01,27,CHC,NL,157,691,572,99,156,32,3,32,109,10,4,91,90,0.273,0.392,0.507,0.899,132.0,290,21,24,0,4,11,*34/57
1103,1104,Tanner Roark\roarkta01,30,WSN,NL,30,63,55,1,5,1,0,0,0,0,0,1,22,0.091,0.107,0.109,0.21600000000000003,-43.0,6,1,0,7,0,0,1
1111,1112,Hansel Robles\robleha01,26,NYM,NL,43,1,0,0,0,0,0,0,0,0,0,0,0,,,,,,0,0,0,1,0,0,1
1112,1113,Victor Robles\roblevi01,20,WSN,NL,13,27,24,2,6,1,2,0,4,0,1,0,6,0.25,0.308,0.45799999999999996,0.7659999999999999,95.0,11,2,2,1,0,0,/987
1113,1114,Fernando Rodney\rodnefe01,40,ARI,NL,57,0,0,0,0,0,0,0,0,0,0,0,0,,,,,,0,0,0,0,0,0,1
1116,1117,Joely Rodriguez*\rodrijo06,25,PHI,NL,26,0,0,0,0,0,0,0,0,0,0,0,0,,,,,,0,0,0,0,0,0,1
1117,1118,Sean Rodriguez\rodrise01,32,TOT,NL,54,153,132,18,22,2,0,5,8,1,0,16,57,0.16699999999999998,0.276,0.295,0.5720000000000001,51.0,39,3,4,1,0,1,549/7683
1123,1124,Miguel Rojas\rojasmi02,28,MIA,NL,90,306,272,37,79,16,2,1,26,2,1,27,32,0.29,0.361,0.375,0.736,101.0,102,6,4,1,2,5,65/34
1124,1125,Sal Romano*\romansa01,23,CIN,NL,16,30,24,0,1,1,0,0,0,0,0,1,15,0.042,0.08,0.083,0.163,-57.0,2,1,0,5,0,0,1
1125,1126,Enny Romero\romeren01,26,WSN,NL,50,1,1,0,0,0,0,0,0,0,0,0,1,0.0,0.0,0.0,0.0,-100.0,0,0,0,0,0,0,1
1132,1133,Hector Rondon\rondohe01,29,CHC,NL,59,2,2,0,1,0,0,0,0,0,0,0,0,0.5,0.5,0.5,1.0,162.0,1,0,0,0,0,0,1
1136,1137,Alberto Rosario\rosaral01,30,STL,NL,3,3,3,0,0,0,0,0,0,0,0,0,1,0.0,0.0,0.0,0.0,-100.0,0,1,0,0,0,0,
1137,1138,Amed Rosario\rosaram01,21,NYM,NL,46,170,165,16,41,4,4,4,10,7,3,3,49,0.248,0.271,0.39399999999999996,0.665,73.0,65,3,2,0,0,0,6
1139,1140,Trevor Rosenthal\rosentr01,27,STL,NL,48,0,0,0,0,0,0,0,0,0,0,0,0,,,,,,0,0,0,0,0,0,1
1140,1141,Joe Ross\rossjo01,24,WSN,NL,19,37,33,1,6,2,0,0,1,0,0,1,16,0.182,0.20600000000000002,0.242,0.44799999999999995,16.0,8,1,0,3,0,0,1
1143,1144,Zac Rosscup\rosscza01,29,TOT,NL,10,0,0,0,0,0,0,0,0,0,0,0,0,,,,,,0,0,0,0,0,0,1
1147,1148,Justin Ruggiano\ruggiju01,35,SFG,NL,19,63,60,2,13,1,0,2,4,1,1,1,17,0.217,0.23800000000000002,0.33299999999999996,0.5710000000000001,50.0,20,0,1,0,1,0,9/78
1149,1150,Jose Ruiz\ruizjo01,22,SDP,NL,1,0,0,0,0,0,0,0,0,0,0,0,0,,,,,,0,0,0,0,0,0,/1
1150,1151,Rio Ruiz*\ruizri01,23,ATL,NL,53,173,150,22,29,5,0,4,19,1,0,19,41,0.193,0.28300000000000003,0.307,0.59,54.0,46,4,1,0,3,1,5/3
1151,1152,Dan Runzler*\runzlda01,32,PIT,NL,8,0,0,0,0,0,0,0,0,0,0,0,0,,,,,,0,0,0,0,0,0,/1
1152,1153,Cameron Rupp\ruppca01,28,PHI,NL,88,331,295,35,64,17,0,14,34,1,0,34,114,0.217,0.299,0.41700000000000004,0.716,88.0,123,5,1,0,1,3,2
1153,1154,Chris Rusin*\rusinch01,30,COL,NL,54,10,9,1,3,0,0,0,0,0,0,0,3,0.33299999999999996,0.33299999999999996,0.33299999999999996,0.667,66.0,3,0,0,1,0,0,1
1154,1155,Addison Russell\russead02,23,CHC,NL,110,385,352,52,84,21,3,12,43,2,1,29,91,0.239,0.304,0.418,0.722,85.0,147,5,4,0,0,5,6
1156,1157,Hyun-Jin Ryu\ryuhy01,30,LAD,NL,23,38,30,3,4,1,0,0,0,0,0,3,18,0.133,0.235,0.16699999999999998,0.402,10.0,5,0,1,4,0,0,1
1164,1165,Jeff Samardzija\samarje01,32,SFG,NL,33,67,64,3,6,2,0,1,2,0,0,0,25,0.094,0.094,0.172,0.266,-32.0,11,0,0,3,0,0,1
1165,1166,Adrian Sanchez\sanchad01,26,WSN,NL,34,75,71,6,19,7,0,0,11,0,2,1,25,0.268,0.28800000000000003,0.366,0.654,69.0,26,2,1,2,0,0,4/65
1166,1167,Angel Sanchez\sanchan03,27,PIT,NL,8,1,1,0,0,0,0,0,0,0,0,0,0,0.0,0.0,0.0,0.0,-100.0,0,0,0,0,0,0,/1
1169,1170,Hector Sanchez#\sanchhe01,27,SDP,NL,75,143,137,14,30,4,0,8,25,0,0,5,41,0.21899999999999997,0.245,0.423,0.6679999999999999,75.0,58,4,0,0,1,1,2/3D
1170,1171,Tony Sanchez\sanchto01,29,ATL,NL,1,1,1,0,0,0,0,0,0,0,0,0,1,0.0,0.0,0.0,0.0,-100.0,0,0,0,0,0,0,
1180,1181,Domingo Santana\santado01,24,MIL,NL,151,607,525,88,146,29,0,30,85,15,4,73,178,0.278,0.371,0.505,0.875,126.0,265,12,6,0,3,2,*9
1181,1182,Edgar Santana\santaed01,25,PIT,NL,19,0,0,0,0,0,0,0,0,0,0,0,0,,,,,,0,0,0,0,0,0,1
1184,1185,Luis Sardinas#\sardilu01,24,SDP,NL,29,53,49,3,8,0,0,0,1,1,0,4,11,0.163,0.226,0.163,0.39,8.0,8,1,0,0,0,0,/4651
1189,1190,Rob Scahill*\scahiro01,30,MIL,NL,18,1,1,0,0,0,0,0,0,0,0,0,1,0.0,0.0,0.0,0.0,-100.0,0,0,0,0,0,0,1
1190,1191,Scott Schebler*\schebsc01,26,CIN,NL,141,531,473,63,110,25,2,30,67,5,3,39,125,0.233,0.307,0.484,0.7909999999999999,103.0,229,7,14,0,5,5,*98
1191,1192,Max Scherzer\scherma01,32,WSN,NL,30,72,62,4,10,0,0,1,5,0,0,4,16,0.161,0.212,0.21,0.42200000000000004,11.0,13,0,0,6,0,0,1
1192,1193,Ryan Schimpf*\schimry01,29,SDP,NL,53,197,165,24,26,2,0,14,25,0,0,27,70,0.158,0.284,0.424,0.7090000000000001,87.0,70,0,3,0,2,0,5/D
1194,1195,A.J. Schugel\schugaj01,28,PIT,NL,30,2,1,0,0,0,0,0,0,0,0,1,0,0.0,0.5,0.0,0.5,51.0,0,0,0,0,0,0,1
1195,1196,Kyle Schwarber*\schwaky01,24,CHC,NL,129,486,422,67,89,16,1,30,59,1,1,59,150,0.21100000000000002,0.315,0.467,0.782,99.0,197,6,5,0,0,1,*7/D23
1197,1198,Corey Seager*\seageco01,23,LAD,NL,145,613,539,85,159,33,0,22,77,4,2,67,131,0.295,0.375,0.479,0.8540000000000001,125.0,258,14,4,0,3,5,*6/D
1199,1200,Rob Segedin\segedro01,28,LAD,NL,13,20,20,3,4,2,0,0,1,0,0,0,7,0.2,0.2,0.3,0.5,30.0,6,0,0,0,0,0,/357
1203,1204,Antonio Senzatela\senzaan01,22,COL,NL,33,39,32,1,4,1,0,0,5,0,0,0,20,0.125,0.125,0.156,0.281,-31.0,5,0,0,7,0,0,1
1205,1206,Pedro Severino\severpe01,23,WSN,NL,17,31,29,0,5,1,0,0,3,0,0,2,10,0.172,0.226,0.207,0.433,14.0,6,0,0,0,0,1,2/D
1206,1207,Paul Sewald\sewalpa01,27,NYM,NL,56,2,2,0,0,0,0,0,0,0,0,0,1,0.0,0.0,0.0,0.0,-100.0,0,0,0,0,0,0,1
1207,1208,Kevin Shackelford\shackke01,28,CIN,NL,26,3,3,0,1,0,0,0,0,0,0,0,1,0.33299999999999996,0.33299999999999996,0.33299999999999996,0.667,76.0,1,0,0,0,0,0,1
1209,1210,Travis Shaw*\shawtr01,27,MIL,NL,144,606,538,84,147,34,1,31,101,10,0,60,138,0.273,0.349,0.513,0.862,121.0,276,20,4,1,3,6,*5/3D
1210,1211,Jimmie Sherfy\sherfji01,25,ARI,NL,10,0,0,0,0,0,0,0,0,0,0,0,0,,,,,,0,0,0,0,0,0,1
1211,1212,Ryan Sherriff*\sherrry01,27,STL,NL,13,0,0,0,0,0,0,0,0,0,0,0,0,,,,,,0,0,0,0,0,0,1
1212,1213,Braden Shipley\shiplbr01,25,ARI,NL,9,6,6,0,0,0,0,0,0,0,0,0,2,0.0,0.0,0.0,0.0,-100.0,0,0,0,0,0,0,1
1215,1216,Kevin Siegrist*\siegrke01,27,TOT,NL,43,0,0,0,0,0,0,0,0,0,0,0,0,,,,,,0,0,0,0,0,0,1
1218,1219,Magneuris Sierra*\sierrma01,21,STL,NL,22,64,60,10,19,0,0,0,5,2,2,4,14,0.317,0.359,0.317,0.6759999999999999,82.0,19,0,0,0,0,0,/987
1220,1221,Lucas Sims\simslu01,23,ATL,NL,14,18,15,1,1,0,0,0,0,0,0,0,8,0.067,0.067,0.067,0.133,-65.0,1,0,0,3,0,0,1
1225,1226,Dan Slania\slanida01,25,SFG,NL,1,0,0,0,0,0,0,0,0,0,0,0,0,,,,,,0,0,0,0,0,0,/1
1226,1227,Austin Slater\slateau01,24,SFG,NL,34,127,117,15,33,3,1,3,16,0,0,8,29,0.282,0.33899999999999997,0.402,0.74,96.0,47,3,2,0,0,0,7/958
1230,1231,Dominic Smith*\smithdo02,22,NYM,NL,49,183,167,17,33,6,0,9,26,0,0,14,49,0.198,0.262,0.395,0.6579999999999999,71.0,66,5,1,0,1,0,3
1240,1241,Josh Smoker*\smokejo01,28,NYM,NL,49,3,3,0,0,0,0,0,0,0,0,0,2,0.0,0.0,0.0,0.0,-100.0,0,0,0,0,0,0,1
1243,1244,Miguel Socolovich\socolmi01,30,STL,NL,13,1,1,0,0,0,0,0,0,0,0,0,0,0.0,0.0,0.0,0.0,-100.0,0,0,0,0,0,0,1
1244,1245,Eric Sogard*\sogarer01,31,MIL,NL,94,299,249,37,68,15,1,3,18,3,3,45,37,0.273,0.39299999999999996,0.37799999999999995,0.77,103.0,94,7,4,1,0,2,46/57
1245,1246,Yangervis Solarte#\solarya01,29,SDP,NL,128,512,466,49,119,21,0,18,64,3,0,37,61,0.255,0.314,0.41600000000000004,0.731,94.0,194,18,5,0,4,4,465/3D
1247,1248,Sammy Solis\solissa01,28,WSN,NL,29,0,0,0,0,0,0,0,0,0,0,0,0,,,,,,0,0,0,0,0,0,1
1251,1252,Denard Span*\spande01,33,SFG,NL,129,542,497,73,135,31,5,12,43,12,7,40,69,0.272,0.32899999999999996,0.42700000000000005,0.7559999999999999,99.0,212,11,3,1,1,0,*8
1252,1253,Cory Spangenberg*\spangco01,26,SDP,NL,129,486,444,57,117,18,2,13,46,11,3,34,128,0.264,0.322,0.401,0.723,93.0,178,2,5,2,1,1,57/4
1254,1255,Jacob Stallings\stallja01,27,PIT,NL,5,16,14,3,5,2,0,0,3,0,0,2,2,0.35700000000000004,0.43799999999999994,0.5,0.938,148.0,7,0,0,0,0,1,/2
1255,1256,Craig Stammen\stammcr01,33,SDP,NL,57,8,6,2,3,1,0,0,0,0,0,2,2,0.5,0.625,0.667,1.2919999999999998,249.0,4,0,0,0,0,0,1
1256,1257,Giancarlo Stanton\stantmi03,27,MIA,NL,159,692,597,123,168,32,0,59,132,2,2,85,163,0.281,0.376,0.631,1.0070000000000001,166.0,377,13,7,0,3,13,*9/D
1257,1258,Brock Stassi*\stassbr01,27,PHI,NL,51,90,78,6,13,2,1,2,7,0,0,12,22,0.16699999999999998,0.278,0.295,0.573,53.0,23,3,0,0,0,0,3/7
1259,1260,Drew Steckenrider\steckdr01,26,MIA,NL,35,0,0,0,0,0,0,0,0,0,0,0,0,,,,,,0,0,0,0,0,0,1
1260,1261,Jackson Stephens\stephja01,23,CIN,NL,7,6,6,1,2,0,0,0,2,0,0,0,2,0.33299999999999996,0.33299999999999996,0.33299999999999996,0.667,76.0,2,0,0,0,0,0,/1
1261,1262,Robert Stephenson\stephro01,24,CIN,NL,25,25,23,1,1,0,0,0,0,0,0,0,15,0.043,0.043,0.043,0.087,-77.0,1,1,0,2,0,0,1
1262,1263,Andrew Stevenson*\stevean01,23,WSN,NL,37,66,57,5,9,2,0,0,1,1,0,7,20,0.158,0.25,0.193,0.44299999999999995,18.0,11,0,0,2,0,0,9/78
1263,1264,Brock Stewart*\stewabr01,25,LAD,NL,16,5,4,0,1,0,0,0,1,0,0,0,2,0.25,0.25,0.25,0.5,34.0,1,0,0,1,0,0,1
1264,1265,Chris Stewart\stewach01,35,PIT,NL,51,144,131,8,24,1,2,0,4,0,0,9,22,0.183,0.24100000000000002,0.221,0.46299999999999997,24.0,29,3,1,3,0,1,2
1265,1266,Drew Storen#\storedr01,29,CIN,NL,55,1,1,0,0,0,0,0,0,0,0,0,0,0.0,0.0,0.0,0.0,-100.0,0,0,0,0,0,0,1
1266,1267,Trevor Story\storytr01,24,COL,NL,145,555,503,68,120,32,3,24,82,7,2,49,191,0.239,0.308,0.457,0.765,86.0,230,12,2,0,1,4,*6
1268,1269,Dan Straily\straida01,28,MIA,NL,31,64,55,2,4,1,0,0,1,0,0,1,33,0.073,0.08900000000000001,0.091,0.18,-51.0,5,1,0,8,0,0,1
1269,1270,Stephen Strasburg\strasst01,28,WSN,NL,26,60,54,5,7,0,0,2,3,0,0,2,14,0.13,0.161,0.24100000000000002,0.401,2.0,13,0,0,4,0,0,1
1270,1271,Chris Stratton\stratch01,26,SFG,NL,12,16,14,1,2,0,0,0,0,0,0,0,3,0.14300000000000002,0.14300000000000002,0.14300000000000002,0.28600000000000003,-24.0,2,0,0,2,0,0,1
1272,1273,Hunter Strickland\strichu01,28,SFG,NL,66,0,0,0,0,0,0,0,0,0,0,0,0,,,,,,0,0,0,0,0,0,1
1273,1274,Ross Stripling\stripro01,27,LAD,NL,48,9,9,2,0,0,0,0,0,0,0,0,4,0.0,0.0,0.0,0.0,-100.0,0,0,0,0,0,0,1
1275,1276,Pedro Strop\stroppe01,32,CHC,NL,65,1,1,0,0,0,0,0,0,0,0,0,0,0.0,0.0,0.0,0.0,-100.0,0,0,0,0,0,0,1
1276,1277,Drew Stubbs\stubbdr01,32,SFG,NL,10,24,22,0,2,0,0,0,0,0,0,2,9,0.091,0.16699999999999998,0.091,0.258,-28.0,2,0,0,0,0,0,8
1278,1279,Albert Suarez\suareal01,27,SFG,NL,17,2,2,0,0,0,0,0,0,0,0,0,0,0.0,0.0,0.0,0.0,-100.0,0,0,0,0,0,0,1
1279,1280,Eugenio Suarez\suareeu01,25,CIN,NL,156,632,534,87,139,25,2,26,82,4,5,84,147,0.26,0.36700000000000005,0.461,0.828,115.0,246,16,9,0,5,1,*5/6
1281,1282,Andrew Susac\susacan01,27,MIL,NL,8,12,12,0,1,0,0,0,0,0,0,0,6,0.083,0.083,0.083,0.16699999999999998,-56.0,1,0,0,0,0,0,/2
1282,1283,Brent Suter*\suterbr01,27,MIL,NL,21,21,18,1,3,0,0,0,1,0,0,0,8,0.16699999999999998,0.21100000000000002,0.16699999999999998,0.377,1.0,3,0,1,2,0,0,1
1283,1284,Ichiro Suzuki*\suzukic01,43,MIA,NL,136,215,196,19,50,6,0,3,20,1,1,17,35,0.255,0.318,0.332,0.649,77.0,65,2,1,1,0,1,98/7D
1284,1285,Kurt Suzuki\suzukku01,33,ATL,NL,81,309,276,38,78,13,0,19,50,0,0,17,39,0.28300000000000003,0.35100000000000003,0.536,0.887,127.0,148,5,13,1,2,2,2
1285,1286,Dansby Swanson\swansda01,23,ATL,NL,144,551,488,59,113,23,2,6,51,3,3,59,120,0.23199999999999998,0.312,0.324,0.636,67.0,158,7,0,0,4,10,*6
1290,1291,Noah Syndergaard*\syndeno01,24,NYM,NL,7,13,9,0,2,0,0,0,0,0,0,3,5,0.222,0.41700000000000004,0.222,0.639,78.0,2,0,0,1,0,0,/1
1291,1292,Matt Szczur\szczuma01,27,TOT,NL,119,237,195,28,44,12,2,3,18,0,2,34,44,0.226,0.35,0.354,0.7040000000000001,90.0,69,2,4,3,1,0,789
1294,1295,Travis Taijeron\taijetr01,28,NYM,NL,26,59,52,3,9,2,0,1,3,0,0,5,24,0.17300000000000001,0.271,0.26899999999999996,0.54,45.0,14,1,2,0,0,0,9
1295,1296,Jameson Taillon\taillja01,25,PIT,NL,23,43,38,2,6,0,0,0,0,0,0,0,15,0.158,0.158,0.158,0.316,-16.0,6,2,0,5,0,0,1
1297,1298,Raimel Tapia*\tapiara01,23,COL,NL,70,171,160,27,46,12,2,2,16,5,2,8,36,0.28800000000000003,0.32899999999999996,0.425,0.754,85.0,68,3,2,1,0,1,97/8D
1298,1299,Mike Tauchman*\tauchmi01,26,COL,NL,31,32,27,2,6,0,1,0,2,1,2,5,10,0.222,0.344,0.29600000000000004,0.64,61.0,8,1,0,0,0,0,/879
1300,1301,Chris Taylor\tayloch03,26,LAD,NL,140,568,514,85,148,34,5,21,72,17,4,50,142,0.28800000000000003,0.354,0.496,0.85,122.0,255,2,3,0,1,0,8746/5
1301,1302,Michael Taylor\taylomi02,26,WSN,NL,118,432,399,55,108,23,3,19,53,17,7,29,137,0.271,0.32,0.486,0.8059999999999999,105.0,194,3,1,1,2,3,*8/9
1302,1303,Junichi Tazawa\tazawju01,31,MIA,NL,53,1,1,0,0,0,0,0,0,0,0,0,0,0.0,0.0,0.0,0.0,-100.0,0,0,0,0,0,0,1
1303,1304,Julio Teheran\teherju01,26,ATL,NL,35,72,57,4,8,0,0,0,6,0,0,1,17,0.14,0.16699999999999998,0.14,0.307,-18.0,8,0,1,12,1,0,1
1305,1306,Tomas Telis#\telisto01,26,MIA,NL,48,111,104,13,25,5,3,0,9,0,0,3,10,0.24,0.27899999999999997,0.34600000000000003,0.625,69.0,36,1,3,0,1,0,3/2
1309,1310,Eric Thames*\thameer01,30,MIL,NL,138,551,469,83,116,26,4,31,63,4,2,75,163,0.247,0.359,0.518,0.877,125.0,243,6,7,0,0,5,37/9D
1310,1311,Jesen Therrien\dygesje01,24,PHI,NL,14,2,2,0,0,0,0,0,0,0,0,0,2,0.0,0.0,0.0,0.0,-100.0,0,0,0,0,0,0,1
1311,1312,Jake Thompson\thompja03,23,PHI,NL,11,14,12,1,2,1,0,0,0,0,0,1,5,0.16699999999999998,0.231,0.25,0.48100000000000004,29.0,3,0,0,1,0,0,1
1312,1313,Trayce Thompson\thomptr01,26,LAD,NL,27,55,49,6,6,2,1,1,2,0,0,6,23,0.122,0.218,0.265,0.483,28.0,13,0,0,0,0,1,/897
1313,1314,Andrew Toles*\tolesan01,25,LAD,NL,31,102,96,17,26,3,0,5,15,0,1,5,16,0.271,0.314,0.45799999999999996,0.772,101.0,44,3,1,0,0,0,78
1315,1316,Yasmany Tomas\tomasya01,26,ARI,NL,47,180,166,19,40,11,1,8,32,0,0,13,50,0.24100000000000002,0.294,0.46399999999999997,0.758,87.0,77,2,0,0,1,0,7
1317,1318,Kelby Tomlinson\tomlike01,27,SFG,NL,104,222,194,32,50,4,2,1,11,9,1,23,46,0.258,0.332,0.314,0.6459999999999999,74.0,61,8,0,2,3,2,546/7
1318,1319,Luis Torrens\torrelu01,21,SDP,NL,56,139,123,7,20,3,1,0,7,0,0,12,30,0.163,0.243,0.203,0.446,22.0,25,4,1,3,0,3,2
1319,1320,Carlos Torres\torreca01,34,MIL,NL,64,0,0,0,0,0,0,0,0,0,0,0,0,,,,,,0,0,0,0,0,0,1
1320,1321,Jose Torres*\torrejo02,23,SDP,NL,57,1,1,1,1,0,0,0,0,0,0,0,0,1.0,1.0,1.0,2.0,441.0,1,0,0,0,0,0,1
1330,1331,Jen-Ho Tseng*\tsengje01,22,CHC,NL,2,1,1,0,0,0,0,0,1,0,0,0,0,0.0,0.0,0.0,0.0,-100.0,0,0,0,0,0,0,/1
1331,1332,Sam Tuivailala\tuivasa01,24,STL,NL,34,0,0,0,0,0,0,0,0,0,0,0,0,,,,,,0,0,0,0,0,0,1
1334,1335,Jacob Turner\turneja01,26,WSN,NL,16,8,5,0,0,0,0,0,0,0,0,1,2,0.0,0.16699999999999998,0.0,0.16699999999999998,-50.0,0,0,0,2,0,0,1
1335,1336,Justin Turner\turneju01,32,LAD,NL,130,543,457,72,147,32,0,21,71,7,1,59,56,0.322,0.415,0.53,0.945,149.0,242,12,19,1,7,5,*5/D
1336,1337,Stuart Turner\turnest01,25,CIN,NL,37,89,82,4,11,3,0,2,7,0,0,5,22,0.134,0.182,0.244,0.426,10.0,20,5,0,1,1,0,2
1337,1338,Trea Turner\turnetr01,24,WSN,NL,98,447,412,75,117,24,6,11,45,46,8,30,80,0.284,0.33799999999999997,0.451,0.789,103.0,186,4,4,0,1,0,6
1338,1339,Koji Uehara\ueharko01,42,CHC,NL,45,0,0,0,0,0,0,0,0,0,0,0,0,,,,,,0,0,0,0,0,0,1
1342,1343,Jose Urena\urenajo01,25,MIA,NL,32,56,48,3,5,1,0,0,2,0,0,0,28,0.10400000000000001,0.10400000000000001,0.125,0.22899999999999998,-38.0,6,0,0,8,0,0,1
1344,1345,Julio Urias*\uriasju01,20,LAD,NL,5,7,6,0,1,0,0,0,0,0,0,0,4,0.16699999999999998,0.16699999999999998,0.16699999999999998,0.33299999999999996,-11.0,1,0,0,1,0,0,/1
1346,1347,Chase Utley*\utleych01,38,LAD,NL,127,353,309,43,73,20,4,8,34,6,1,32,57,0.23600000000000002,0.324,0.405,0.728,92.0,125,3,9,1,2,0,43/D
1347,1348,Pat Valaika\valaipa01,24,COL,NL,110,195,182,28,47,11,0,13,40,0,0,7,53,0.258,0.284,0.5329999999999999,0.8170000000000001,95.0,97,1,0,5,1,0,65/437D
1352,1353,Breyvic Valera#\valerbr01,25,STL,NL,5,11,10,0,1,0,0,0,0,0,0,1,0,0.1,0.182,0.1,0.282,-22.0,1,0,0,0,0,0,/4
1353,1354,Scott Van Slyke\vanslsc01,30,LAD,NL,29,48,41,6,5,1,0,2,3,1,0,7,15,0.122,0.25,0.293,0.5429999999999999,44.0,12,0,0,0,0,1,7/389
1354,1355,Ildemaro Vargas#\vargail01,25,ARI,NL,12,13,13,4,4,1,0,0,4,0,0,0,3,0.308,0.308,0.385,0.6920000000000001,73.0,5,1,0,0,0,0,/45
1358,1359,Felipe Vazquez*\riverfe01,25,PIT,NL,66,0,0,0,0,0,0,0,0,0,0,0,0,,,,,,0,0,0,0,0,0,1
1359,1360,Vince Velasquez\velasvi01,25,PHI,NL,16,25,24,1,6,0,0,0,1,0,0,1,4,0.25,0.28,0.25,0.53,44.0,6,1,0,0,0,0,1
1361,1362,Alex Verdugo*\verdual01,21,LAD,NL,15,25,23,1,4,0,0,1,1,0,1,2,4,0.174,0.24,0.304,0.544,43.0,7,1,0,0,0,0,/879
1365,1366,Christian Villanueva\villach01,26,SDP,NL,12,32,32,5,11,1,0,4,7,0,0,0,10,0.344,0.344,0.75,1.094,182.0,24,0,0,0,0,0,/5
1366,1367,Jonathan Villar#\villajo01,26,MIL,NL,122,436,403,49,97,18,1,11,40,23,8,30,132,0.24100000000000002,0.293,0.37200000000000005,0.665,72.0,150,4,0,2,1,1,4/8D
1367,1368,Zach Vincej\vinceza01,26,CIN,NL,9,12,9,2,1,0,0,0,0,0,0,1,5,0.111,0.33299999999999996,0.111,0.444,25.0,1,0,2,0,0,0,/64
1369,1370,Arodys Vizcaino\vizcaar01,26,ATL,NL,56,0,0,0,0,0,0,0,0,0,0,0,0,,,,,,0,0,0,0,0,0,1
1374,1375,Luke Voit\voitlu01,26,STL,NL,62,124,114,18,28,9,0,4,18,0,0,7,31,0.24600000000000002,0.306,0.43,0.736,93.0,49,4,3,0,0,0,3/D
1375,1376,Edinson Volquez\volqued01,33,MIA,NL,15,30,26,0,5,0,0,0,1,0,0,1,11,0.192,0.214,0.192,0.40700000000000003,12.0,5,0,0,2,1,0,1
1376,1377,Joey Votto*\vottojo01,33,CIN,NL,162,707,559,106,179,34,1,36,100,5,1,134,83,0.32,0.45399999999999996,0.578,1.032,168.0,323,16,8,0,6,20,*3
1377,1378,Michael Wacha\wachami01,25,STL,NL,28,55,46,3,2,0,0,0,3,0,0,1,22,0.043,0.063,0.043,0.106,-71.0,2,2,0,7,1,0,1
1379,1380,Adam Wainwright\wainwad01,35,STL,NL,24,50,42,7,11,2,0,2,11,0,0,1,15,0.262,0.27899999999999997,0.452,0.731,90.0,19,2,0,7,0,0,1
1380,1381,Christian Walker\walkech02,26,ARI,NL,11,15,12,2,3,1,0,2,2,0,0,1,5,0.25,0.4,0.833,1.2329999999999999,198.0,10,0,2,0,0,0,/3D
1381,1382,Neil Walker#\walkene01,31,TOT,NL,111,448,385,59,102,21,2,14,49,0,2,55,77,0.265,0.36200000000000004,0.439,0.8009999999999999,111.0,169,9,5,1,2,2,43/5
1384,1385,Taijuan Walker\walketa01,24,ARI,NL,25,54,52,6,12,1,0,1,5,0,0,1,19,0.231,0.245,0.308,0.5529999999999999,38.0,16,1,0,1,0,0,1
1385,1386,Chad Wallach\wallach01,25,CIN,NL,6,11,11,0,1,0,0,0,0,0,0,0,5,0.091,0.091,0.091,0.182,-52.0,1,0,0,0,0,0,/23
1386,1387,Wei-Chung Wang*\wangwe01,25,MIL,NL,8,0,0,0,0,0,0,0,0,0,0,0,0,,,,,,0,0,0,0,0,0,/1
1389,1390,Tony Watson*\watsoto01,32,TOT,NL,68,1,1,0,0,0,0,0,0,0,0,0,1,0.0,0.0,0.0,0.0,-100.0,0,0,0,0,0,0,1
1392,1393,Jered Weaver\weaveje02,34,SDP,NL,8,10,10,0,0,0,0,0,0,0,0,0,6,0.0,0.0,0.0,0.0,-100.0,0,1,0,0,0,0,/1
1393,1394,Luke Weaver\weavelu01,23,STL,NL,15,23,19,2,3,0,0,0,1,0,0,1,9,0.158,0.2,0.158,0.358,-3.0,3,0,0,3,0,0,1
1398,1399,Jayson Werth\werthja01,38,WSN,NL,70,289,252,35,57,10,1,10,29,4,3,35,69,0.226,0.322,0.39299999999999996,0.715,85.0,99,4,1,0,1,1,79/D
1399,1400,Zack Wheeler*\wheelza01,27,NYM,NL,17,29,27,1,2,1,0,0,0,0,0,1,12,0.07400000000000001,0.107,0.111,0.218,-42.0,3,0,0,1,0,0,1
1402,1403,Matt Wieters#\wietema01,31,WSN,NL,123,465,422,43,95,20,0,10,52,1,0,38,94,0.225,0.28800000000000003,0.344,0.632,64.0,145,14,1,0,4,4,*2
1403,1404,Tom Wilhelmsen\wilheto01,33,ARI,NL,27,1,1,0,0,0,0,0,0,0,0,0,1,0.0,0.0,0.0,0.0,-100.0,0,0,0,0,0,0,1
1406,1407,Aaron Wilkerson\wilkeaa01,28,MIL,NL,3,4,4,0,0,0,0,0,0,0,0,0,1,0.0,0.0,0.0,0.0,-100.0,0,0,0,0,0,0,/1
1408,1409,Nick Williams*\willini01,23,PHI,NL,83,343,313,45,90,14,4,12,55,1,2,20,97,0.28800000000000003,0.33799999999999997,0.473,0.8109999999999999,113.0,148,8,6,0,4,0,987/D
1409,1410,Taylor Williams#\willita01,25,MIL,NL,5,0,0,0,0,0,0,0,0,0,0,0,0,,,,,,0,0,0,0,0,0,/1
1410,1411,Trevor Williams\willitr01,25,PIT,NL,30,47,41,1,2,0,0,0,0,0,0,2,17,0.049,0.09300000000000001,0.049,0.142,-61.0,2,1,0,4,0,0,1
1411,1412,Mac Williamson\willima11,26,SFG,NL,28,73,68,8,16,2,0,3,6,1,1,5,25,0.235,0.28800000000000003,0.397,0.685,79.0,27,2,0,0,0,1,9/7D
1418,1419,Jesse Winker*\winkeje01,23,CIN,NL,47,137,121,21,36,7,0,7,15,1,1,15,24,0.298,0.375,0.529,0.904,133.0,64,2,0,1,0,0,9/D7
1419,1420,Dan Winkler\winklda01,27,ATL,NL,16,0,0,0,0,0,0,0,0,0,0,0,0,,,,,,0,0,0,0,0,0,1
1420,1421,Matt Wisler\wislema01,24,ATL,NL,20,3,2,0,0,0,0,0,0,0,0,0,0,0.0,0.0,0.0,0.0,-100.0,0,0,0,1,0,0,1
1421,1422,Nick Wittgren\wittgni01,26,MIA,NL,34,4,4,0,0,0,0,0,0,0,0,0,1,0.0,0.0,0.0,0.0,-100.0,0,0,0,0,0,0,1
1422,1423,Asher Wojciechowski\wojcias01,28,CIN,NL,23,14,14,0,1,0,0,0,0,0,0,0,11,0.071,0.071,0.071,0.14300000000000002,-62.0,1,0,0,0,0,0,1
1423,1424,Tony Wolters*\wolteto01,25,COL,NL,83,266,229,30,55,8,1,0,16,0,1,33,55,0.24,0.341,0.284,0.625,58.0,65,9,2,2,0,9,2/45
1424,1425,Kolten Wong*\wongko01,26,STL,NL,108,411,354,55,101,27,3,4,42,8,2,41,60,0.285,0.376,0.41200000000000003,0.7879999999999999,110.0,146,4,12,1,3,11,4
1425,1426,Alex Wood\woodal02,26,LAD,NL,27,58,52,1,3,0,0,0,4,0,0,2,29,0.057999999999999996,0.09300000000000001,0.057999999999999996,0.15,-59.0,3,1,0,4,0,0,1
1431,1432,Brandon Woodruff*\woodrbr01,24,MIL,NL,7,12,10,2,2,0,0,0,0,0,0,1,2,0.2,0.273,0.2,0.473,27.0,2,0,0,1,0,0,/1
1433,1434,Vance Worley\worleva01,29,MIA,NL,25,27,22,0,4,0,0,0,3,0,0,0,8,0.182,0.182,0.182,0.364,-1.0,4,1,0,5,0,0,1
1438,1439,Christian Yelich*\yelicch01,25,MIA,NL,156,695,602,100,170,36,2,18,81,16,2,80,137,0.282,0.369,0.439,0.807,118.0,264,13,6,0,6,4,*8
1444,1445,Mark Zagunis\zagunma01,24,CHC,NL,7,18,14,0,0,0,0,0,1,2,0,4,6,0.0,0.222,0.0,0.222,-34.0,0,0,0,0,0,0,/9
1445,1446,Rob Zastryzny\zastrro01,25,CHC,NL,4,3,3,0,1,0,0,0,0,0,0,0,0,0.33299999999999996,0.33299999999999996,0.33299999999999996,0.667,75.0,1,0,0,0,0,0,/1
1446,1447,Brad Ziegler\zieglbr01,37,MIA,NL,51,0,0,0,0,0,0,0,0,0,0,0,0,,,,,,0,0,0,0,0,0,1
1448,1449,Ryan Zimmerman\zimmery01,32,WSN,NL,144,576,524,90,159,33,0,36,108,1,0,44,126,0.303,0.358,0.573,0.93,136.0,300,16,3,0,5,1,*3/D
1450,1451,Ben Zobrist#\zobribe01,36,CHC,NL,128,496,435,58,101,20,3,12,50,2,2,54,71,0.23199999999999998,0.318,0.375,0.693,79.0,163,13,2,2,3,2,479/36
